LapTime,MaxSpeed,AvgThrottle,AirTemp,Driver,TeamName,GridGroup
91.418,300.0,74.34371823236319,16.2,RUS,Mercedes,Top5
91.42,320.0,70.94997448491414,16.2,HAM,Mercedes,Top5
91.773,317.0,70.28389616800668,16.2,VER,Red Bull Racing,Top5
92.188,321.0,66.32384976510605,16.2,NOR,McLaren,Top5
92.361,329.0,66.9394289482729,16.2,PIA,McLaren,Top5
92.359,323.0,70.23217156826978,16.2,SAI,Ferrari,Top10
92.683,328.0,65.50668149182994,16.2,STR,Aston Martin,Top10
92.858,326.0,69.03709765154431,16.2,LEC,Ferrari,Midfield
92.844,324.0,66.07991551426497,16.2,HUL,Haas F1 Team,Top10
93.202,329.0,67.13096967460439,16.2,ALO,Aston Martin,Top10
93.214,333.0,67.9223086629237,16.2,TSU,RB,Midfield
93.158,332.0,65.07609769540898,16.2,ALB,Williams,Top10
93.435,330.0,67.38712364914392,16.2,SAR,Williams,Midfield
93.563,330.0,68.23681108079597,16.2,ZHO,Kick Sauber,Midfield
93.709,327.0,69.43938174821257,16.2,RIC,RB,Midfield
93.846,326.0,71.26523642848593,16.2,OCO,Alpine,Backmarker
94.216,326.0,65.24758999978742,16.2,MAG,Haas F1 Team,Backmarker
95.368,312.0,69.20472530657494,16.2,BOT,Kick Sauber,Backmarker
92.942,304.0,71.25227922221424,16.2,PER,Red Bull Racing,Backmarker
91.298,302.0,72.56921566377021,16.3,RUS,Mercedes,Top5
91.716,310.0,70.43463556854255,16.3,HAM,Mercedes,Top5
92.2,298.0,69.81583201579056,16.3,VER,Red Bull Racing,Top5
91.991,315.0,66.64809301547679,16.3,NOR,McLaren,Top5
91.927,324.0,66.89977480556236,16.3,PIA,McLaren,Top5
92.102,321.0,69.73694070474731,16.3,SAI,Ferrari,Top10
92.307,322.0,66.09183874439258,16.3,STR,Aston Martin,Top10
92.369,319.0,72.43916592797916,16.3,LEC,Ferrari,Midfield
92.605,323.0,67.21470508839036,16.3,HUL,Haas F1 Team,Top10
92.951,325.0,66.23480687310487,16.3,ALO,Aston Martin,Top10
93.062,329.0,68.59096975703578,16.3,TSU,RB,Midfield
93.373,326.0,65.44999135021594,16.3,ALB,Williams,Top10
93.319,326.0,67.20704515100701,16.3,SAR,Williams,Midfield
93.487,322.0,69.96643996069749,16.3,ZHO,Kick Sauber,Midfield
93.429,327.0,67.15891940656718,16.3,RIC,RB,Midfield
93.479,321.0,72.27864676626871,16.3,OCO,Alpine,Backmarker
93.259,327.0,67.6316872939979,16.3,MAG,Haas F1 Team,Backmarker
94.447,297.0,69.83957223097077,16.3,BOT,Kick Sauber,Backmarker
92.34,307.0,70.07088306280087,16.3,PER,Red Bull Racing,Backmarker
91.799,300.0,74.79575361695053,16.3,RUS,Mercedes,Top5
91.988,298.0,73.27072088421967,16.3,HAM,Mercedes,Top5
91.933,300.0,70.96905025835376,16.3,VER,Red Bull Racing,Top5
91.976,315.0,67.83860042831503,16.3,NOR,McLaren,Top5
91.919,322.0,69.0719719446381,16.3,PIA,McLaren,Top5
92.045,321.0,69.60505408542328,16.3,SAI,Ferrari,Top10
92.968,302.0,68.66623561652194,16.3,STR,Aston Martin,Top10
92.705,321.0,69.09437006438263,16.3,LEC,Ferrari,Midfield
92.563,323.0,66.19504651724843,16.3,HUL,Haas F1 Team,Top10
93.192,302.0,67.74068135828328,16.3,ALO,Aston Martin,Top10
93.164,327.0,66.24951064388934,16.3,TSU,RB,Midfield
93.059,324.0,64.18475925762952,16.3,ALB,Williams,Top10
93.11,323.0,67.80592940252478,16.3,SAR,Williams,Midfield
93.221,323.0,70.11188697856971,16.3,ZHO,Kick Sauber,Midfield
93.253,320.0,66.83090253399546,16.3,RIC,RB,Midfield
93.316,315.0,73.11448454775666,16.3,OCO,Alpine,Backmarker
93.11,332.0,68.60913155549983,16.3,MAG,Haas F1 Team,Backmarker
94.322,321.0,71.11073379857417,16.3,BOT,Kick Sauber,Backmarker
92.57,317.0,71.06056030374182,16.3,PER,Red Bull Racing,Backmarker
91.628,298.0,73.94371846316345,16.2,RUS,Mercedes,Top5
91.677,301.0,73.00801576213887,16.2,HAM,Mercedes,Top5
91.778,300.0,71.41778792587151,16.2,VER,Red Bull Racing,Top5
91.716,317.0,67.34926544521835,16.2,NOR,McLaren,Top5
91.832,321.0,69.49647569512197,16.2,PIA,McLaren,Top5
91.939,320.0,71.94116348661122,16.2,SAI,Ferrari,Top10
92.706,304.0,69.83569459954569,16.2,STR,Aston Martin,Top10
92.697,322.0,70.02155066727326,16.2,LEC,Ferrari,Midfield
92.768,323.0,66.81163850727395,16.2,HUL,Haas F1 Team,Top10
92.617,304.0,69.46155892241659,16.2,ALO,Aston Martin,Top10
92.607,326.0,67.57488709013154,16.2,TSU,RB,Midfield
92.846,322.0,63.99525531326651,16.2,ALB,Williams,Top10
93.139,321.0,66.57099711287704,16.2,SAR,Williams,Midfield
93.271,324.0,69.30556429899643,16.2,ZHO,Kick Sauber,Midfield
93.263,325.0,65.55726030724277,16.2,RIC,RB,Midfield
93.21,323.0,71.28287639607878,16.2,OCO,Alpine,Backmarker
92.999,337.0,66.67430023815048,16.2,MAG,Haas F1 Team,Backmarker
92.111,308.0,71.6420622523285,16.2,PER,Red Bull Racing,Backmarker
93.768,298.0,73.14474775489694,16.2,BOT,Kick Sauber,Backmarker
91.625,298.0,75.09353223537308,16.3,RUS,Mercedes,Top5
91.746,303.0,71.95854969589773,16.3,HAM,Mercedes,Top5
91.711,300.0,72.05283175187208,16.3,VER,Red Bull Racing,Top5
91.896,316.0,67.24683784767477,16.3,NOR,McLaren,Top5
92.062,321.0,69.22795534243265,16.3,PIA,McLaren,Top5
91.9,318.0,71.18099452942873,16.3,SAI,Ferrari,Top10
92.788,303.0,70.29768366302493,16.3,STR,Aston Martin,Top10
92.758,329.0,71.41896801777969,16.2,LEC,Ferrari,Midfield
92.697,322.0,67.57058242057175,16.2,HUL,Haas F1 Team,Top10
92.673,307.0,68.47323113128549,16.2,ALO,Aston Martin,Top10
92.614,327.0,67.68153786657163,16.2,TSU,RB,Midfield
93.014,309.0,64.81540089079714,16.2,ALB,Williams,Top10
92.904,322.0,66.82034809480426,16.2,SAR,Williams,Midfield
93.788,307.0,70.87617897716866,16.2,ZHO,Kick Sauber,Midfield
93.666,321.0,66.94966651292529,16.2,RIC,RB,Midfield
93.616,317.0,72.27783585459832,16.2,OCO,Alpine,Backmarker
93.544,330.0,67.47679548773439,16.2,MAG,Haas F1 Team,Backmarker
92.25,311.0,72.06912458063076,16.2,PER,Red Bull Racing,Backmarker
93.46,301.0,71.5879293211594,16.2,BOT,Kick Sauber,Backmarker
91.663,299.0,74.2621700789673,16.3,RUS,Mercedes,Top5
91.675,300.0,72.5646692535463,16.3,HAM,Mercedes,Top5
91.935,299.0,72.68866623315984,16.3,VER,Red Bull Racing,Top5
92.071,302.0,69.89616456275625,16.3,NOR,McLaren,Top5
91.925,322.0,69.44458443473069,16.3,PIA,McLaren,Top5
92.702,299.0,72.54169774182243,16.3,SAI,Ferrari,Top10
92.716,302.0,70.00084938136666,16.3,STR,Aston Martin,Top10
92.662,317.0,71.28522561436704,16.3,LEC,Ferrari,Midfield
92.733,325.0,66.96806106268666,16.3,HUL,Haas F1 Team,Top10
92.712,303.0,70.71787087294452,16.3,ALO,Aston Martin,Top10
92.817,329.0,67.95396916005828,16.3,TSU,RB,Midfield
92.939,308.0,66.71098766672162,16.3,ALB,Williams,Top10
93.002,322.0,68.35398717621037,16.3,SAR,Williams,Midfield
94.51,318.0,69.54815061485456,16.3,ZHO,Kick Sauber,Midfield
92.952,315.0,70.15998885750443,16.3,RIC,RB,Midfield
95.183,316.0,70.31871827465831,16.3,OCO,Alpine,Backmarker
93.734,329.0,68.58567143574484,16.3,MAG,Haas F1 Team,Backmarker
93.313,330.0,68.01749170643207,16.3,PER,Red Bull Racing,Backmarker
93.648,295.0,72.21347453123175,16.3,BOT,Kick Sauber,Backmarker
91.731,302.0,73.42742896812558,16.4,RUS,Mercedes,Top5
91.76,302.0,72.77176872425005,16.4,HAM,Mercedes,Top5
92.038,300.0,70.65238534305418,16.4,VER,Red Bull Racing,Top5
92.018,302.0,68.59161547593116,16.4,NOR,McLaren,Top5
91.994,318.0,68.38775387419915,16.4,PIA,McLaren,Top5
92.372,302.0,73.16527958689646,16.4,SAI,Ferrari,Top10
92.648,301.0,69.47332615066115,16.4,STR,Aston Martin,Top10
92.86,318.0,69.6245406542336,16.4,LEC,Ferrari,Midfield
92.802,322.0,66.57676615155151,16.4,HUL,Haas F1 Team,Top10
92.496,307.0,69.58151568731773,16.4,ALO,Aston Martin,Top10
92.623,327.0,68.72542332548892,16.4,TSU,RB,Midfield
92.798,307.0,67.03121490008304,16.4,ALB,Williams,Top10
92.806,322.0,69.13934006272711,16.4,SAR,Williams,Midfield
93.095,303.0,70.09609535362554,16.4,RIC,RB,Midfield
96.323,315.0,68.52752993024745,16.4,ZHO,Kick Sauber,Midfield
93.204,312.0,69.0392618544996,16.4,MAG,Haas F1 Team,Backmarker
93.407,325.0,67.90194351156065,16.4,PER,Red Bull Racing,Backmarker
93.79,333.0,71.09088943949804,16.4,OCO,Alpine,Backmarker
93.561,296.0,72.28867467660952,16.4,BOT,Kick Sauber,Backmarker
91.621,301.0,73.60112025262929,16.5,RUS,Mercedes,Top5
91.564,300.0,73.55211285412817,16.5,HAM,Mercedes,Top5
91.883,301.0,73.23619979856083,16.5,VER,Red Bull Racing,Top5
91.976,302.0,69.3846759109863,16.5,NOR,McLaren,Top5
92.0,318.0,68.90726115357387,16.5,PIA,McLaren,Top5
92.484,300.0,73.57535406763539,16.5,SAI,Ferrari,Top10
92.291,301.0,69.17517425754929,16.5,STR,Aston Martin,Top10
92.326,317.0,71.22374968511963,16.5,LEC,Ferrari,Midfield
92.396,322.0,68.300111575657,16.5,HUL,Haas F1 Team,Top10
92.579,303.0,69.26144298344552,16.5,ALO,Aston Martin,Top10
92.57,326.0,68.98983332121009,16.5,TSU,RB,Midfield
92.933,306.0,66.45702679391957,16.5,ALB,Williams,Top10
93.019,318.0,67.92364685337,16.5,SAR,Williams,Midfield
92.762,303.0,69.82509800857278,16.5,RIC,RB,Midfield
92.783,303.0,70.77272108069005,16.5,MAG,Haas F1 Team,Backmarker
92.8,323.0,68.57798470076739,16.5,PER,Red Bull Racing,Backmarker
93.898,295.0,74.69410019140486,16.5,OCO,Alpine,Backmarker
95.322,297.0,69.63158373603734,16.5,ZHO,Kick Sauber,Midfield
93.645,301.0,71.29809382715699,16.5,BOT,Kick Sauber,Backmarker
91.639,302.0,73.30394500331286,16.6,RUS,Mercedes,Top5
91.515,302.0,72.29796293402897,16.6,HAM,Mercedes,Top5
91.661,300.0,71.09346001959852,16.8,VER,Red Bull Racing,Top5
91.83,303.0,69.20742194311384,16.8,NOR,McLaren,Top5
91.811,319.0,69.99737696594102,16.8,PIA,McLaren,Top5
92.362,301.0,74.25339054835106,16.8,SAI,Ferrari,Top10
92.619,300.0,70.7213817543268,16.8,STR,Aston Martin,Top10
92.496,319.0,70.57286577515376,16.8,LEC,Ferrari,Midfield
92.439,320.0,69.43053078061229,16.8,HUL,Haas F1 Team,Top10
92.741,301.0,70.20075950748686,16.8,ALO,Aston Martin,Top10
93.438,319.0,69.63519997996916,16.8,TSU,RB,Midfield
93.073,305.0,66.88619056966333,16.8,ALB,Williams,Top10
92.956,320.0,68.72299237879507,16.8,SAR,Williams,Midfield
92.721,303.0,70.50287356799002,16.8,RIC,RB,Midfield
92.647,305.0,69.66090519389736,16.8,MAG,Haas F1 Team,Backmarker
92.709,330.0,67.81814094452655,16.8,PER,Red Bull Racing,Backmarker
93.843,293.0,74.53571020303824,16.8,OCO,Alpine,Backmarker
95.828,297.0,68.71922623732056,16.8,ZHO,Kick Sauber,Midfield
93.787,320.0,69.86363103444073,16.8,BOT,Kick Sauber,Backmarker
91.586,301.0,73.73545927434773,16.8,RUS,Mercedes,Top5
91.487,302.0,73.15986971555608,16.8,HAM,Mercedes,Top5
91.81,299.0,72.53781131477115,16.8,VER,Red Bull Racing,Top5
91.748,303.0,70.58768346588641,16.8,NOR,McLaren,Top5
91.855,320.0,70.18668430048186,16.8,PIA,McLaren,Top5
92.123,301.0,75.68726591755215,16.8,SAI,Ferrari,Top10
92.273,302.0,70.31875021473508,16.8,STR,Aston Martin,Top10
92.348,319.0,71.24985020732396,16.8,LEC,Ferrari,Midfield
92.428,322.0,67.97175212397464,16.8,HUL,Haas F1 Team,Top10
92.548,305.0,68.66971870183153,16.8,ALO,Aston Martin,Top10
92.805,306.0,69.84515199793911,16.8,TSU,RB,Midfield
92.981,305.0,64.0314358538526,16.8,ALB,Williams,Top10
92.897,320.0,67.1855334054517,16.8,SAR,Williams,Midfield
92.804,305.0,69.71551010427565,16.8,RIC,RB,Midfield
92.671,308.0,70.1726513134407,16.8,MAG,Haas F1 Team,Backmarker
92.491,330.0,67.66251102961628,16.8,PER,Red Bull Racing,Backmarker
93.846,295.0,75.87850673687973,16.8,OCO,Alpine,Backmarker
93.561,296.0,73.25075115987748,16.8,BOT,Kick Sauber,Backmarker
95.012,297.0,70.40028855834284,16.8,ZHO,Kick Sauber,Midfield
91.619,302.0,72.8033520052139,16.7,RUS,Mercedes,Top5
91.563,301.0,73.1690590358453,16.7,HAM,Mercedes,Top5
91.894,299.0,71.11589979555198,16.7,VER,Red Bull Racing,Top5
91.718,303.0,70.16975637157216,16.7,NOR,McLaren,Top5
91.663,318.0,69.85795972945256,16.7,PIA,McLaren,Top5
92.358,300.0,74.57423680231207,16.7,SAI,Ferrari,Top10
92.362,303.0,69.63657384863413,16.7,STR,Aston Martin,Top10
92.236,317.0,70.32804595196244,16.7,LEC,Ferrari,Midfield
92.401,323.0,68.0649616846482,16.7,HUL,Haas F1 Team,Top10
92.427,304.0,69.54214157747461,16.7,ALO,Aston Martin,Top10
92.782,307.0,69.67678241184038,16.7,TSU,RB,Midfield
92.567,307.0,66.73421464440173,16.7,ALB,Williams,Top10
92.748,322.0,68.01883626439071,16.7,SAR,Williams,Midfield
92.797,305.0,71.18445039830046,16.7,RIC,RB,Midfield
92.531,306.0,72.16289765996827,16.7,MAG,Haas F1 Team,Backmarker
92.509,332.0,70.2272398341487,16.7,PER,Red Bull Racing,Backmarker
94.071,295.0,75.15170832883722,16.7,OCO,Alpine,Backmarker
93.269,296.0,72.6722563371357,16.7,BOT,Kick Sauber,Backmarker
94.235,297.0,71.0150175627346,16.7,ZHO,Kick Sauber,Midfield
91.716,300.0,74.83213983447287,16.7,RUS,Mercedes,Top5
91.881,304.0,73.660173360493,16.7,HAM,Mercedes,Top5
91.759,302.0,72.6996825007964,16.7,VER,Red Bull Racing,Top5
91.472,317.0,70.08724672855494,16.7,NOR,McLaren,Top5
91.896,312.0,69.94330153128165,16.7,PIA,McLaren,Top5
92.251,301.0,75.81128342751475,16.7,SAI,Ferrari,Top10
93.092,300.0,69.6576876624533,16.7,STR,Aston Martin,Top10
91.989,329.0,71.50854249025826,16.7,LEC,Ferrari,Midfield
92.468,322.0,68.92319972386153,16.7,HUL,Haas F1 Team,Top10
92.517,303.0,69.5840090291657,16.7,ALO,Aston Martin,Top10
93.031,304.0,68.56284858966094,16.7,TSU,RB,Midfield
92.769,306.0,66.50160840716002,16.7,ALB,Williams,Top10
93.04,310.0,68.97689087584895,16.7,SAR,Williams,Midfield
92.88,304.0,71.21347633076438,16.7,RIC,RB,Midfield
92.74,307.0,70.77100272052813,16.7,MAG,Haas F1 Team,Backmarker
92.772,330.0,67.84869267958973,16.7,PER,Red Bull Racing,Backmarker
94.491,294.0,75.25626212397356,16.7,OCO,Alpine,Backmarker
93.65,297.0,72.75400570833945,16.7,BOT,Kick Sauber,Backmarker
115.049,292.0,69.0883476983119,16.7,ZHO,Kick Sauber,Midfield
91.478,301.0,74.3338667233225,16.6,RUS,Mercedes,Top5
91.609,302.0,73.58282021260173,16.6,HAM,Mercedes,Top5
91.7,304.0,72.7911744916339,16.6,VER,Red Bull Racing,Top5
91.407,320.0,70.08738713191826,16.6,NOR,McLaren,Top5
91.697,306.0,70.6502347195712,16.6,PIA,McLaren,Top5
92.106,302.0,75.01671052931596,16.6,SAI,Ferrari,Top10
92.396,301.0,74.0594277770856,16.6,LEC,Ferrari,Midfield
92.641,320.0,66.32796507214225,16.6,STR,Aston Martin,Top10
92.621,322.0,68.96965358772715,16.6,HUL,Haas F1 Team,Top10
92.383,304.0,70.9958980679003,16.6,ALO,Aston Martin,Top10
92.731,305.0,71.87383037104426,16.6,TSU,RB,Midfield
92.538,308.0,68.12621400995613,16.6,ALB,Williams,Top10
92.607,310.0,70.46803059700702,16.6,SAR,Williams,Midfield
92.933,306.0,69.87766087627269,16.6,RIC,RB,Midfield
92.506,322.0,68.57501661347611,16.6,MAG,Haas F1 Team,Backmarker
92.488,326.0,67.0936334190736,16.6,PER,Red Bull Racing,Backmarker
95.293,295.0,73.09771381384873,16.6,OCO,Alpine,Backmarker
93.156,323.0,69.88137100185206,16.6,BOT,Kick Sauber,Backmarker
92.45,295.0,73.03287316191545,16.5,ZHO,Kick Sauber,Midfield
91.566,300.0,73.34243666587625,16.5,RUS,Mercedes,Top5
91.563,301.0,74.55405341928446,16.5,HAM,Mercedes,Top5
92.249,303.0,71.88821232879381,16.5,VER,Red Bull Racing,Top5
90.946,327.0,70.92347465001549,16.5,NOR,McLaren,Top5
91.514,306.0,71.26991110753156,16.5,PIA,McLaren,Top5
91.916,302.0,74.98048951625526,16.5,SAI,Ferrari,Top10
92.755,301.0,74.47911541598397,16.5,LEC,Ferrari,Midfield
92.649,321.0,66.16329943050887,16.5,STR,Aston Martin,Top10
92.672,319.0,68.46325025738365,16.5,HUL,Haas F1 Team,Top10
92.259,305.0,70.81616418938918,16.5,ALO,Aston Martin,Top10
92.589,305.0,71.25904818723566,16.5,TSU,RB,Midfield
92.265,321.0,66.49693469489522,16.5,ALB,Williams,Top10
92.543,308.0,70.83637600693936,16.5,SAR,Williams,Midfield
93.171,305.0,71.6222538433143,16.5,RIC,RB,Midfield
92.953,331.0,68.38980360164754,16.5,MAG,Haas F1 Team,Backmarker
92.702,328.0,68.25742134075584,16.5,PER,Red Bull Racing,Backmarker
93.228,297.0,73.35846763704889,16.5,BOT,Kick Sauber,Backmarker
94.884,296.0,73.61201761418114,16.5,OCO,Alpine,Backmarker
92.479,295.0,73.72956136840195,16.5,ZHO,Kick Sauber,Midfield
91.626,300.0,74.47670102207313,16.5,RUS,Mercedes,Top5
91.931,302.0,74.24678175883425,16.5,HAM,Mercedes,Top5
91.69,300.0,72.34574205966685,16.5,NOR,McLaren,Top5
92.504,312.0,71.45845422761535,16.5,VER,Red Bull Racing,Top5
92.118,305.0,70.1863549915094,16.5,PIA,McLaren,Top5
92.455,301.0,74.3071791373242,16.5,SAI,Ferrari,Top10
92.923,301.0,73.97358186659595,16.5,LEC,Ferrari,Midfield
93.091,321.0,67.2208311959369,16.5,STR,Aston Martin,Top10
93.194,321.0,68.15808205722172,16.5,HUL,Haas F1 Team,Top10
92.59,322.0,69.73432278464605,16.5,ALO,Aston Martin,Top10
93.209,305.0,71.78679458043533,16.5,TSU,RB,Midfield
93.178,322.0,65.55092683245638,16.5,ALB,Williams,Top10
93.701,306.0,69.91248794844958,16.5,SAR,Williams,Midfield
94.437,319.0,67.63687627069751,16.5,RIC,RB,Midfield
93.486,319.0,70.37547000986282,16.5,MAG,Haas F1 Team,Backmarker
94.231,327.0,66.6822392856087,16.5,PER,Red Bull Racing,Backmarker
93.967,296.0,73.29042460683992,16.5,BOT,Kick Sauber,Backmarker
96.522,298.0,71.83840954802903,16.5,OCO,Alpine,Backmarker
95.202,298.0,69.37668932764596,16.5,ZHO,Kick Sauber,Midfield
94.793,301.0,68.86562022632727,16.5,RUS,Mercedes,Top5
93.721,303.0,72.03703007214098,16.5,HAM,Mercedes,Top5
94.304,307.0,69.14917296058378,16.5,NOR,McLaren,Top5
95.359,300.0,67.91465532155406,16.5,VER,Red Bull Racing,Top5
93.988,328.0,67.53365902338517,16.5,PIA,McLaren,Top5
94.228,301.0,71.67546166282338,16.5,SAI,Ferrari,Top10
95.28,301.0,71.48036829254609,16.5,LEC,Ferrari,Midfield
95.713,310.0,67.2839381514866,16.5,STR,Aston Martin,Top10
95.447,318.0,66.10665467443755,16.5,HUL,Haas F1 Team,Top10
95.014,325.0,65.68601686617201,16.4,ALO,Aston Martin,Top10
94.738,305.0,69.22842276972874,16.4,TSU,RB,Midfield
94.873,329.0,63.229278084308284,16.4,ALB,Williams,Top10
95.258,306.0,68.26989300971442,16.4,SAR,Williams,Midfield
94.661,300.0,69.48516389877551,16.4,MAG,Haas F1 Team,Backmarker
95.885,318.0,67.01566662166395,16.4,RIC,RB,Midfield
94.829,336.0,66.57319908113912,16.4,PER,Red Bull Racing,Backmarker
95.498,296.0,71.49708704794831,16.4,BOT,Kick Sauber,Backmarker
98.735,294.0,67.89989609480374,16.4,OCO,Alpine,Backmarker
98.106,301.0,64.88418057807614,16.4,ZHO,Kick Sauber,Midfield
96.365,303.0,67.06667484954731,16.5,RUS,Mercedes,Top5
95.071,319.0,68.96609020398611,16.5,HAM,Mercedes,Top5
94.125,308.0,68.25700541443254,16.5,NOR,McLaren,Top5
94.269,301.0,69.38413562042601,16.5,PIA,McLaren,Top5
96.172,309.0,65.72197071609362,16.5,VER,Red Bull Racing,Top5
94.31,304.0,71.46103811378478,16.5,SAI,Ferrari,Top10
95.951,298.0,71.0471634391701,16.5,LEC,Ferrari,Midfield
95.789,325.0,66.90173476532199,16.5,STR,Aston Martin,Top10
95.834,325.0,65.81710487847047,16.5,HUL,Haas F1 Team,Top10
95.88,332.0,65.85444395432268,16.5,ALO,Aston Martin,Top10
95.392,306.0,68.45812355374342,16.5,TSU,RB,Midfield
95.323,322.0,63.79723617784471,16.5,ALB,Williams,Top10
94.9,304.0,66.87680496291038,16.5,SAR,Williams,Midfield
94.73,301.0,67.66000207578473,16.5,MAG,Haas F1 Team,Backmarker
95.384,300.0,66.87611618840513,16.5,PER,Red Bull Racing,Backmarker
96.827,306.0,66.13872214040404,16.5,RIC,RB,Midfield
96.075,300.0,68.6199430244217,16.5,BOT,Kick Sauber,Backmarker
98.497,297.0,68.99135196069533,16.6,OCO,Alpine,Backmarker
99.637,299.0,63.915136619166674,16.6,ZHO,Kick Sauber,Midfield
103.711,300.0,61.06188326800038,16.6,HAM,Mercedes,Top5
104.151,302.0,57.536715519410436,16.6,RUS,Mercedes,Top5
101.436,307.0,61.684328478653526,16.6,NOR,McLaren,Top5
100.728,303.0,58.50544938271779,16.6,PIA,McLaren,Top5
102.485,299.0,59.112771533328655,16.6,VER,Red Bull Racing,Top5
100.51,302.0,63.38868653257366,16.4,SAI,Ferrari,Top10
105.868,296.0,60.36029544007056,16.4,LEC,Ferrari,Midfield
107.568,304.0,56.3414785136258,16.4,STR,Aston Martin,Top10
105.752,309.0,56.807688084511966,16.4,HUL,Haas F1 Team,Top10
107.27,311.0,55.17757601507985,16.4,ALO,Aston Martin,Top10
104.585,310.0,59.61590673345109,16.4,TSU,RB,Midfield
104.619,306.0,53.443616728461265,16.4,ALB,Williams,Top10
104.09,305.0,56.50136193855352,16.4,SAR,Williams,Midfield
103.505,301.0,57.31399257453112,16.4,MAG,Haas F1 Team,Backmarker
101.868,303.0,61.864311887250885,16.4,PER,Red Bull Racing,Backmarker
104.922,299.0,59.318643809836,16.4,RIC,RB,Midfield
104.426,298.0,61.670181593745944,16.4,BOT,Kick Sauber,Backmarker
101.731,295.0,65.13163162585796,16.4,OCO,Alpine,Backmarker
106.313,298.0,56.6998891673824,16.2,ZHO,Kick Sauber,Midfield
100.021,306.0,66.645008896012,16.2,HAM,Mercedes,Top5
97.704,305.0,66.75464090713126,16.2,NOR,McLaren,Top5
99.962,310.0,62.61993404732475,16.2,RUS,Mercedes,Top5
97.348,308.0,65.25203612718573,16.2,PIA,McLaren,Top5
97.108,302.0,64.8868521950425,16.2,VER,Red Bull Racing,Top5
96.538,308.0,66.60902903963473,16.2,SAI,Ferrari,Top10
120.269,294.0,65.45180284460206,16.2,LEC,Ferrari,Midfield
97.529,298.0,66.19092561037328,16.2,HUL,Haas F1 Team,Top10
97.491,302.0,67.08904480644328,16.2,STR,Aston Martin,Top10
96.48,315.0,65.96385111045613,16.2,ALO,Aston Martin,Top10
96.875,313.0,66.09304144640623,16.2,TSU,RB,Midfield
96.53,308.0,63.22509493122336,16.2,ALB,Williams,Top10
96.116,307.0,65.57614123119103,16.1,SAR,Williams,Midfield
95.181,305.0,64.87683420483968,16.1,MAG,Haas F1 Team,Backmarker
119.15,300.0,62.713833206473524,16.1,PER,Red Bull Racing,Backmarker
97.33,300.0,65.29615688789825,16.1,RIC,RB,Midfield
98.542,307.0,63.61062349713751,16.1,BOT,Kick Sauber,Backmarker
121.025,287.0,63.57630924729214,16.1,OCO,Alpine,Backmarker
91.513,305.0,72.23561229980794,15.9,NOR,McLaren,Top5
91.819,300.0,71.69148065736164,15.9,PIA,McLaren,Top5
92.156,304.0,73.31435540138972,15.9,HAM,Mercedes,Top5
92.753,305.0,70.59014403553695,15.9,RUS,Mercedes,Top5
93.488,302.0,70.15869294541106,15.9,VER,Red Bull Racing,Top5
93.507,306.0,69.38032582623273,15.9,SAI,Ferrari,Top10
92.649,304.0,70.21773684914547,15.9,HUL,Haas F1 Team,Top10
92.999,303.0,68.22983179532876,15.9,ALO,Aston Martin,Top10
93.291,305.0,68.30675845824088,15.9,STR,Aston Martin,Top10
93.724,305.0,68.96468660532038,15.9,TSU,RB,Midfield
93.646,314.0,65.70023407127292,15.9,ALB,Williams,Top10
93.632,306.0,68.48760261949506,15.9,SAR,Williams,Midfield
93.484,307.0,68.47016731944036,15.9,MAG,Haas F1 Team,Backmarker
94.722,300.0,67.79625731891184,15.9,RIC,RB,Midfield
102.846,297.0,64.98557923477307,15.9,LEC,Ferrari,Midfield
95.235,299.0,69.60659339330341,15.9,BOT,Kick Sauber,Backmarker
101.997,298.0,59.28013472021708,15.6,PER,Red Bull Racing,Backmarker
99.736,293.0,69.61110024409551,15.6,OCO,Alpine,Backmarker
90.86,305.0,71.08875344734678,15.6,NOR,McLaren,Top5
91.169,302.0,71.42691972078661,15.6,PIA,McLaren,Top5
91.095,306.0,74.76187048699818,15.6,HAM,Mercedes,Top5
91.344,306.0,72.46799335207756,15.6,RUS,Mercedes,Top5
91.904,299.0,72.81126697923644,15.6,VER,Red Bull Racing,Top5
92.157,302.0,73.94799611127549,15.6,SAI,Ferrari,Top10
104.56,297.0,63.808657557393744,15.6,ZHO,Kick Sauber,Midfield
92.233,304.0,72.07654236091491,15.4,HUL,Haas F1 Team,Top10
92.673,300.0,68.5228558871641,15.4,ALO,Aston Martin,Top10
92.495,304.0,69.26422549204534,15.4,STR,Aston Martin,Top10
92.681,305.0,70.1907929554924,15.4,TSU,RB,Midfield
93.086,309.0,66.03512839996095,15.4,ALB,Williams,Top10
92.826,307.0,69.28768838852412,15.4,SAR,Williams,Midfield
92.766,306.0,70.12086006201336,15.4,MAG,Haas F1 Team,Backmarker
93.015,302.0,70.30111694674744,15.4,RIC,RB,Midfield
94.03,297.0,73.06943507029301,15.4,BOT,Kick Sauber,Backmarker
104.352,294.0,65.45626912843423,15.4,LEC,Ferrari,Midfield
104.936,296.0,60.06051360866332,15.4,PER,Red Bull Racing,Backmarker
115.208,289.0,68.2383327870721,15.2,OCO,Alpine,Backmarker
91.176,304.0,71.91464716491184,15.2,NOR,McLaren,Top5
90.976,304.0,70.62038559468435,15.2,PIA,McLaren,Top5
91.107,306.0,74.06032964033434,15.2,HAM,Mercedes,Top5
91.497,307.0,73.77721819531358,15.2,RUS,Mercedes,Top5
92.143,300.0,72.69822712357889,15.2,VER,Red Bull Racing,Top5
92.297,304.0,74.09863643204001,15.2,SAI,Ferrari,Top10
92.612,300.0,71.90277619299425,15.2,HUL,Haas F1 Team,Top10
110.248,290.0,56.284077020359554,15.2,ZHO,Kick Sauber,Midfield
92.593,306.0,70.58862167409201,15.2,ALO,Aston Martin,Top10
93.062,305.0,69.78499277079712,15.2,STR,Aston Martin,Top10
93.106,305.0,70.73398805317139,15.2,TSU,RB,Midfield
92.891,308.0,67.79455755971473,15.2,ALB,Williams,Top10
94.494,306.0,67.45364994879404,15.2,SAR,Williams,Midfield
93.278,329.0,68.07676206326704,15.2,MAG,Haas F1 Team,Backmarker
94.224,300.0,68.28999408002933,15.2,RIC,RB,Midfield
94.076,296.0,72.38543589205835,15.2,BOT,Kick Sauber,Backmarker
106.593,298.0,63.57369666947345,15.2,LEC,Ferrari,Midfield
106.214,297.0,58.95749214511333,15.2,PER,Red Bull Racing,Backmarker
91.629,306.0,71.12505832372076,15.2,NOR,McLaren,Top5
91.392,304.0,70.20564267316342,15.2,PIA,McLaren,Top5
91.635,307.0,74.15682113933887,15.2,HAM,Mercedes,Top5
91.968,304.0,72.11597099794928,15.2,RUS,Mercedes,Top5
93.02,299.0,70.68154012441676,15.2,VER,Red Bull Racing,Top5
92.734,307.0,72.66637892599393,15.2,SAI,Ferrari,Top10
95.488,298.0,71.14916240534748,15.1,OCO,Alpine,Backmarker
93.352,303.0,71.47640574230117,15.1,HUL,Haas F1 Team,Top10
94.088,303.0,67.4359587600329,15.1,ALO,Aston Martin,Top10
94.585,305.0,67.9805432197094,15.1,STR,Aston Martin,Top10
94.106,326.0,67.22136614206303,15.1,TSU,RB,Midfield
93.96,332.0,63.671680849226,15.1,ALB,Williams,Top10
93.625,302.0,68.08562166955916,15.1,MAG,Haas F1 Team,Backmarker
94.037,320.0,66.77429456172376,15.1,SAR,Williams,Midfield
96.483,299.0,66.55162460321054,15.1,RIC,RB,Midfield
110.081,299.0,56.178052517193144,15.1,ZHO,Kick Sauber,Midfield
97.35,292.0,67.10009096122677,15.1,BOT,Kick Sauber,Backmarker
111.732,292.0,59.26831312724985,15.1,LEC,Ferrari,Midfield
110.729,302.0,53.83993867290323,15.1,PER,Red Bull Racing,Backmarker
94.307,302.0,67.56703438047298,15.1,NOR,McLaren,Top5
94.271,307.0,66.45229740468521,15.1,PIA,McLaren,Top5
94.988,301.0,69.5780463844899,15.1,HAM,Mercedes,Top5
94.781,304.0,66.95969290248452,15.1,RUS,Mercedes,Top5
96.063,298.0,66.30453928888502,15.1,VER,Red Bull Racing,Top5
95.143,322.0,68.57281252431272,15.1,SAI,Ferrari,Top10
98.005,295.0,69.06031558138088,15.1,OCO,Alpine,Backmarker
95.918,304.0,66.45460178748385,15.1,HUL,Haas F1 Team,Top10
95.687,303.0,66.72135376929282,15.1,ALO,Aston Martin,Top10
95.351,301.0,69.5954818544536,15.1,STR,Aston Martin,Top10
95.473,317.0,67.02444598681137,15.1,TSU,RB,Midfield
95.612,317.0,62.77216496837719,15.1,ALB,Williams,Top10
95.15,302.0,66.23682725110746,15.1,MAG,Haas F1 Team,Backmarker
96.166,304.0,64.2239983436072,15.1,SAR,Williams,Midfield
98.725,300.0,64.26809693865276,15.1,RIC,RB,Midfield
99.761,298.0,65.06842575419468,15.1,BOT,Kick Sauber,Backmarker
108.867,298.0,58.39768551260024,15.1,ZHO,Kick Sauber,Midfield
101.515,302.0,60.62862173138351,15.1,NOR,McLaren,Top5
100.622,306.0,59.059530055867484,15.1,PIA,McLaren,Top5
100.792,304.0,63.80757768914266,15.1,HAM,Mercedes,Top5
99.949,305.0,63.34680569967941,15.1,RUS,Mercedes,Top5
109.301,302.0,60.31695348048639,15.1,LEC,Ferrari,Midfield
101.491,297.0,59.04906920486863,15.1,VER,Red Bull Racing,Top5
102.481,305.0,60.26156181077903,15.1,SAI,Ferrari,Top10
107.327,300.0,57.34400426067704,15.1,PER,Red Bull Racing,Backmarker
107.432,291.0,59.641060885132674,15.1,OCO,Alpine,Backmarker
101.853,300.0,61.98778875346372,15.1,HUL,Haas F1 Team,Top10
103.618,306.0,58.997679123769146,15.1,ALO,Aston Martin,Top10
100.784,304.0,62.138633784149256,15.1,STR,Aston Martin,Top10
103.26,308.0,59.99724597484797,15.1,TSU,RB,Midfield
103.771,304.0,55.43624782442589,15.1,ALB,Williams,Top10
105.466,299.0,56.61273257881123,15.1,MAG,Haas F1 Team,Backmarker
104.642,306.0,55.46663162445562,15.1,SAR,Williams,Midfield
104.813,299.0,55.72595128701676,15.1,RIC,RB,Midfield
109.533,288.0,54.32790965825052,15.1,BOT,Kick Sauber,Backmarker
108.245,299.0,58.53950118807977,15.1,ZHO,Kick Sauber,Midfield
104.806,302.0,57.2462485944906,15.1,NOR,McLaren,Top5
109.747,305.0,52.18314042754022,15.1,PIA,McLaren,Top5
105.183,303.0,60.93189222336549,15.1,HAM,Mercedes,Top5
107.698,303.0,54.10743586346846,15.1,RUS,Mercedes,Top5
119.169,296.0,60.31161576855096,15.1,VER,Red Bull Racing,Top5
121.664,292.0,61.85935202386301,15.1,SAI,Ferrari,Top10
105.655,301.0,62.75144586177562,15.1,LEC,Ferrari,Midfield
105.736,300.0,57.77452050757201,15.1,PER,Red Bull Racing,Backmarker
118.71,287.0,49.823170715259465,15.1,OCO,Alpine,Backmarker
122.727,294.0,58.054538896702894,15.1,HUL,Haas F1 Team,Top10
121.611,300.0,59.52232958609357,15.1,STR,Aston Martin,Top10
108.513,299.0,55.933057427004165,15.1,ALO,Aston Martin,Top10
108.126,302.0,56.58498725461169,15.1,TSU,RB,Midfield
107.754,302.0,49.42878338266582,15.1,ALB,Williams,Top10
111.325,295.0,51.53875509987828,15.1,MAG,Haas F1 Team,Backmarker
112.246,302.0,49.07875124122639,15.1,SAR,Williams,Midfield
122.788,299.0,56.24988881024159,15.1,RIC,RB,Midfield
105.113,295.0,59.885713061628564,15.1,ZHO,Kick Sauber,Midfield
120.915,301.0,59.35658339218247,15.1,NOR,McLaren,Top5
120.866,297.0,61.09274688454559,15.1,HAM,Mercedes,Top5
112.976,298.0,46.46867933448868,15.1,PIA,McLaren,Top5
124.342,302.0,55.44328919881288,15.1,RUS,Mercedes,Top5
105.912,301.0,60.29213538568475,15.1,LEC,Ferrari,Midfield
112.538,298.0,48.505354445375005,15.1,PER,Red Bull Racing,Backmarker
101.176,300.0,64.68331044833103,15.1,VER,Red Bull Racing,Top5
102.641,301.0,66.0922921257936,15.1,SAI,Ferrari,Top10
123.448,304.0,59.409524944735495,15.1,TSU,RB,Midfield
122.736,287.0,61.35783385760844,15.0,OCO,Alpine,Backmarker
101.897,301.0,62.771279987090146,15.0,HUL,Haas F1 Team,Top10
102.187,300.0,59.46234505825287,15.0,STR,Aston Martin,Top10
103.338,301.0,60.48758800143379,15.0,RIC,RB,Midfield
102.562,293.0,63.98560912545548,15.0,BOT,Kick Sauber,Backmarker
121.184,293.0,55.18912868199472,15.0,PIA,McLaren,Top5
100.266,300.0,63.41622175318172,15.0,NOR,McLaren,Top5
100.42,300.0,65.69066599320205,15.0,HAM,Mercedes,Top5
123.138,293.0,63.0636509406815,15.0,LEC,Ferrari,Midfield
101.533,297.0,62.57937544968482,15.0,VER,Red Bull Racing,Top5
100.405,302.0,64.86625118838388,15.0,RUS,Mercedes,Top5
102.447,300.0,65.75155791304539,15.0,SAI,Ferrari,Top10
105.224,295.0,55.800440352044006,15.0,PER,Red Bull Racing,Backmarker
102.641,301.0,62.588091917560135,15.0,HUL,Haas F1 Team,Top10
102.992,298.0,60.66975114807239,15.0,STR,Aston Martin,Top10
103.072,299.0,60.958000676025534,15.0,ALO,Aston Martin,Top10
103.749,303.0,61.78708920170226,15.0,TSU,RB,Midfield
101.716,295.0,65.70341880026456,14.9,OCO,Alpine,Backmarker
101.726,301.0,57.22311060575849,14.9,ALB,Williams,Top10
102.842,301.0,62.31474801300241,14.9,MAG,Haas F1 Team,Backmarker
102.215,302.0,61.121742810422504,14.9,SAR,Williams,Midfield
103.377,298.0,61.06421083531297,14.9,RIC,RB,Midfield
103.302,296.0,62.770789824919916,14.9,BOT,Kick Sauber,Backmarker
101.866,295.0,63.27398389063221,14.9,ZHO,Kick Sauber,Midfield
100.717,300.0,62.8984146897056,14.9,NOR,McLaren,Top5
100.467,300.0,65.39261791710173,14.9,HAM,Mercedes,Top5
102.098,298.0,62.766126969032385,14.9,VER,Red Bull Racing,Top5
101.237,302.0,62.738442439846224,14.9,RUS,Mercedes,Top5
102.737,290.0,66.29327024264218,14.9,SAI,Ferrari,Top10
124.385,298.0,58.66235426057333,14.9,PER,Red Bull Racing,Backmarker
100.492,299.0,62.54862445814257,14.9,PIA,McLaren,Top5
101.602,298.0,64.56615308262961,14.9,LEC,Ferrari,Midfield
102.811,302.0,62.93325973343867,14.9,HUL,Haas F1 Team,Top10
103.066,297.0,59.535664461891635,14.9,STR,Aston Martin,Top10
102.577,300.0,60.622437066766366,14.9,ALO,Aston Martin,Top10
102.967,305.0,62.13994068514476,14.9,TSU,RB,Midfield
102.362,295.0,66.06119995718758,14.9,OCO,Alpine,Backmarker
103.271,301.0,54.545469714132764,14.9,ALB,Williams,Top10
102.133,300.0,61.78901779319549,14.9,MAG,Haas F1 Team,Backmarker
102.476,301.0,61.723463034647345,14.9,SAR,Williams,Midfield
103.298,298.0,62.71089023246588,14.9,RIC,RB,Midfield
103.472,289.0,63.21246909757422,14.9,BOT,Kick Sauber,Backmarker
101.993,295.0,63.35739712505299,14.9,ZHO,Kick Sauber,Midfield
101.313,300.0,62.524555578353734,14.9,NOR,McLaren,Top5
101.538,301.0,65.56935259024658,14.9,HAM,Mercedes,Top5
102.025,297.0,64.1563238936772,14.9,VER,Red Bull Racing,Top5
101.902,301.0,62.70712060210286,14.9,RUS,Mercedes,Top5
103.007,296.0,65.14682480209194,14.9,SAI,Ferrari,Top10
102.161,302.0,60.855595629475765,14.9,PIA,McLaren,Top5
102.299,297.0,65.06052588289315,14.8,LEC,Ferrari,Midfield
103.274,300.0,62.111467464233684,14.8,HUL,Haas F1 Team,Top10
103.714,298.0,59.2154988783236,14.8,STR,Aston Martin,Top10
100.021,300.0,63.13074623329003,14.8,PER,Red Bull Racing,Backmarker
102.796,298.0,60.72055988027904,14.8,ALO,Aston Martin,Top10
103.355,302.0,63.01468163607114,14.8,TSU,RB,Midfield
103.336,297.0,64.39426043742394,14.8,OCO,Alpine,Backmarker
103.229,303.0,57.025909213408966,14.8,ALB,Williams,Top10
104.06,299.0,58.953915386285175,14.8,MAG,Haas F1 Team,Backmarker
104.332,303.0,58.50016181837921,14.8,SAR,Williams,Midfield
103.699,298.0,62.90689964056842,14.8,RIC,RB,Midfield
104.51,292.0,62.91218328747603,14.7,BOT,Kick Sauber,Backmarker
103.157,293.0,62.40215232388338,14.7,ZHO,Kick Sauber,Midfield
102.216,300.0,62.36039292453123,14.7,NOR,McLaren,Top5
102.475,300.0,63.82189616088188,14.7,HAM,Mercedes,Top5
102.538,298.0,62.86728247819912,14.7,VER,Red Bull Racing,Top5
103.085,294.0,61.86460487546132,14.7,RUS,Mercedes,Top5
103.298,297.0,65.57966005091036,14.7,SAI,Ferrari,Top10
103.137,300.0,61.59555821676057,14.7,PIA,McLaren,Top5
103.95,299.0,62.13495656676288,14.7,LEC,Ferrari,Midfield
104.134,299.0,59.76107767142451,14.7,HUL,Haas F1 Team,Top10
104.545,296.0,60.19262166483289,14.7,STR,Aston Martin,Top10
102.676,301.0,59.76674511382046,14.6,PER,Red Bull Racing,Backmarker
103.69,299.0,60.67115634072141,14.6,ALO,Aston Martin,Top10
104.456,301.0,63.126974826715156,14.6,TSU,RB,Midfield
104.019,296.0,64.26389943537923,14.6,OCO,Alpine,Backmarker
104.304,304.0,55.14053518643097,14.6,ALB,Williams,Top10
105.084,298.0,59.40815780397515,14.6,MAG,Haas F1 Team,Backmarker
104.912,302.0,58.76208513862225,14.6,SAR,Williams,Midfield
104.144,299.0,62.362668585729125,14.6,RIC,RB,Midfield
105.199,290.0,62.67723416326628,14.6,BOT,Kick Sauber,Backmarker
104.316,294.0,62.53557130053475,14.6,ZHO,Kick Sauber,Midfield
102.607,300.0,60.90237170915501,14.5,NOR,McLaren,Top5
102.435,301.0,63.84635907538861,14.5,HAM,Mercedes,Top5
102.606,298.0,62.633436548818004,14.5,VER,Red Bull Racing,Top5
106.221,296.0,51.94979377273552,14.5,RUS,Mercedes,Top5
103.201,301.0,64.6440361696861,14.5,SAI,Ferrari,Top10
103.325,303.0,60.40174303233095,14.5,PIA,McLaren,Top5
103.795,299.0,64.0657409882723,14.5,LEC,Ferrari,Midfield
103.685,301.0,60.950246880333744,14.5,HUL,Haas F1 Team,Top10
104.213,297.0,60.26782160497501,14.5,STR,Aston Martin,Top10
104.035,304.0,59.32780885361102,14.5,PER,Red Bull Racing,Backmarker
104.262,294.0,59.383524924372104,14.5,ALO,Aston Martin,Top10
104.979,300.0,62.68753996875632,14.5,TSU,RB,Midfield
104.673,294.0,63.552955714031455,14.5,OCO,Alpine,Backmarker
104.82,302.0,55.93040751711329,14.5,ALB,Williams,Top10
105.266,298.0,57.90981104667631,14.5,MAG,Haas F1 Team,Backmarker
105.684,300.0,57.27115885812167,14.5,SAR,Williams,Midfield
104.855,299.0,61.037927019728684,14.5,RIC,RB,Midfield
105.552,292.0,61.55997966147388,14.5,BOT,Kick Sauber,Backmarker
105.029,291.0,61.46535591691782,14.5,ZHO,Kick Sauber,Midfield
103.078,300.0,59.92043348292835,14.5,NOR,McLaren,Top5
102.757,302.0,62.63183218257861,14.5,HAM,Mercedes,Top5
102.447,298.0,61.37825523604968,14.5,VER,Red Bull Racing,Top5
102.794,298.0,66.50287327157601,14.6,SAI,Ferrari,Top10
103.954,300.0,61.40826605624798,14.6,PIA,McLaren,Top5
103.217,297.0,65.41455102710827,14.6,LEC,Ferrari,Midfield
104.263,300.0,60.12121425114011,14.6,HUL,Haas F1 Team,Top10
104.171,300.0,59.92762517170331,14.6,STR,Aston Martin,Top10
104.641,303.0,59.18781660998237,14.6,PER,Red Bull Racing,Backmarker
104.375,299.0,61.08236666558141,14.6,ALO,Aston Martin,Top10
104.923,299.0,62.45016086833716,14.6,TSU,RB,Midfield
105.29,294.0,62.17826065341929,14.6,OCO,Alpine,Backmarker
105.216,302.0,63.03051227606302,14.6,ALB,Williams,Top10
106.135,298.0,56.56652313671859,14.6,MAG,Haas F1 Team,Backmarker
106.095,299.0,56.41878788686264,14.6,SAR,Williams,Midfield
105.969,298.0,60.34890859332087,14.6,RIC,RB,Midfield
105.199,292.0,61.8839692448631,14.6,BOT,Kick Sauber,Backmarker
105.412,294.0,61.84606122533865,14.6,ZHO,Kick Sauber,Midfield
102.935,301.0,61.65274427305309,14.6,NOR,McLaren,Top5
102.271,303.0,64.63562185450444,14.6,HAM,Mercedes,Top5
103.029,299.0,61.012221723137614,14.6,VER,Red Bull Racing,Top5
103.59,300.0,64.0674553545185,14.6,SAI,Ferrari,Top10
103.309,300.0,61.131074520394,14.6,PIA,McLaren,Top5
103.604,299.0,64.5226850904323,14.6,LEC,Ferrari,Midfield
104.042,300.0,60.94979259107567,14.6,HUL,Haas F1 Team,Top10
104.422,301.0,60.13420764009103,14.6,STR,Aston Martin,Top10
105.045,300.0,58.056575753546454,14.6,PER,Red Bull Racing,Backmarker
104.251,301.0,60.06972105587577,14.6,ALO,Aston Martin,Top10
104.782,300.0,62.50928566322917,14.6,TSU,RB,Midfield
105.511,291.0,62.51824507219664,14.6,OCO,Alpine,Backmarker
105.202,304.0,56.54788481574486,14.6,ALB,Williams,Top10
105.557,300.0,56.67107788770428,14.6,MAG,Haas F1 Team,Backmarker
105.851,301.0,57.454238641327095,14.6,SAR,Williams,Midfield
105.535,300.0,61.42525598423043,14.6,RIC,RB,Midfield
105.476,290.0,61.18525115928609,14.5,BOT,Kick Sauber,Backmarker
108.01,289.0,57.76484745572025,14.5,ZHO,Kick Sauber,Midfield
102.34,303.0,60.733163053523164,14.5,NOR,McLaren,Top5
101.924,303.0,63.798116728083365,14.5,HAM,Mercedes,Top5
101.958,300.0,62.39478415453487,14.5,VER,Red Bull Racing,Top5
102.748,301.0,65.8501432170567,14.5,SAI,Ferrari,Top10
102.52,304.0,60.23192959849371,14.5,PIA,McLaren,Top5
102.415,299.0,65.24967123142055,14.5,LEC,Ferrari,Midfield
103.044,302.0,60.603720601737884,14.5,HUL,Haas F1 Team,Top10
103.0,303.0,61.45298054101764,14.5,STR,Aston Martin,Top10
103.534,300.0,60.371420027553896,14.5,PER,Red Bull Racing,Backmarker
102.513,299.0,61.67046547108517,14.6,ALO,Aston Martin,Top10
102.726,301.0,61.60639139095674,14.6,TSU,RB,Midfield
102.995,292.0,64.62129589864522,14.6,OCO,Alpine,Backmarker
103.075,304.0,59.36758287449468,14.6,ALB,Williams,Top10
103.611,300.0,59.83175913699397,14.6,MAG,Haas F1 Team,Backmarker
103.365,303.0,59.36522248605309,14.6,SAR,Williams,Midfield
103.213,301.0,61.47915772964133,14.6,RIC,RB,Midfield
102.968,295.0,63.47201587485758,14.6,BOT,Kick Sauber,Backmarker
99.786,302.0,62.8505157068655,14.6,NOR,McLaren,Top5
99.711,305.0,65.46011785204627,14.6,HAM,Mercedes,Top5
102.569,301.0,63.109045006306594,14.6,ZHO,Kick Sauber,Midfield
98.869,302.0,65.42617047290295,14.5,VER,Red Bull Racing,Top5
100.432,301.0,68.17999275229931,14.5,SAI,Ferrari,Top10
99.635,300.0,63.691921155601584,14.5,PIA,McLaren,Top5
100.091,299.0,68.36285914951827,14.5,LEC,Ferrari,Midfield
100.657,301.0,62.68744919323131,14.5,HUL,Haas F1 Team,Top10
100.825,302.0,63.858985473969994,14.5,STR,Aston Martin,Top10
101.845,301.0,62.01414124810807,14.5,PER,Red Bull Racing,Backmarker
100.747,299.0,64.73813045682051,14.5,ALO,Aston Martin,Top10
101.098,302.0,63.262508642508834,14.5,TSU,RB,Midfield
101.215,295.0,64.7554743400718,14.5,OCO,Alpine,Backmarker
100.273,304.0,60.19204577645056,14.5,ALB,Williams,Top10
102.038,298.0,64.16478904219152,14.6,MAG,Haas F1 Team,Backmarker
102.207,303.0,60.57463426322309,14.6,SAR,Williams,Midfield
100.483,303.0,62.31024331488134,14.6,RIC,RB,Midfield
99.987,292.0,68.77057514093016,14.6,BOT,Kick Sauber,Backmarker
97.999,304.0,64.85675183893994,14.6,NOR,McLaren,Top5
97.22,304.0,68.61367958551914,14.6,HAM,Mercedes,Top5
102.823,300.0,63.51493876745137,14.6,ZHO,Kick Sauber,Midfield
95.963,301.0,67.59241218157233,14.6,VER,Red Bull Racing,Top5
98.37,301.0,70.0903248099286,14.6,SAI,Ferrari,Top10
97.106,304.0,62.98319840249626,14.6,PIA,McLaren,Top5
98.357,299.0,68.46429076341416,14.6,LEC,Ferrari,Midfield
98.854,301.0,65.23634638938536,14.6,HUL,Haas F1 Team,Top10
99.373,301.0,64.95568510549394,14.6,STR,Aston Martin,Top10
99.697,297.0,63.40404581661011,14.6,PER,Red Bull Racing,Backmarker
98.684,299.0,65.82258610162857,14.6,ALO,Aston Martin,Top10
98.67,301.0,66.32235443880192,14.6,TSU,RB,Midfield
102.235,295.0,66.84761266254428,14.6,OCO,Alpine,Backmarker
97.843,305.0,63.382264865796145,14.6,ALB,Williams,Top10
123.931,295.0,55.776021353364285,14.6,MAG,Haas F1 Team,Backmarker
123.328,302.0,53.22639705970467,14.6,RIC,RB,Midfield
98.811,301.0,61.80721630187557,14.6,SAR,Williams,Midfield
96.746,306.0,66.3681966235812,14.6,NOR,McLaren,Top5
117.389,307.0,62.7873897426308,14.6,HAM,Mercedes,Top5
118.311,301.0,59.84918954376095,14.6,VER,Red Bull Racing,Top5
101.608,294.0,61.67148471924379,14.6,ZHO,Kick Sauber,Midfield
114.658,299.0,57.50061092106011,14.6,PIA,McLaren,Top5
96.802,302.0,70.84795230913888,14.6,SAI,Ferrari,Top10
117.811,300.0,63.90966600794529,14.6,LEC,Ferrari,Midfield
97.245,303.0,67.13654387625506,14.6,HUL,Haas F1 Team,Top10
97.759,302.0,66.32773994755084,14.6,STR,Aston Martin,Top10
120.171,300.0,60.97835770308152,14.6,PER,Red Bull Racing,Backmarker
119.234,295.0,59.988208852275676,14.6,ALO,Aston Martin,Top10
118.637,300.0,61.13991379797435,14.6,TSU,RB,Midfield
117.678,306.0,54.63434595026662,14.6,ALB,Williams,Top10
99.44,294.0,67.54359013611509,14.6,OCO,Alpine,Backmarker
116.256,308.0,59.320754056263596,14.6,SAR,Williams,Midfield
114.84,308.0,63.1982518122696,14.6,NOR,McLaren,Top5
93.212,303.0,67.71651481997199,14.6,MAG,Haas F1 Team,Backmarker
93.138,308.0,70.0708024511603,14.6,RIC,RB,Midfield
116.753,298.0,66.40740217106507,14.8,SAI,Ferrari,Top10
90.318,298.0,76.93545235120428,14.8,HAM,Mercedes,Top5
97.114,298.0,66.38341233086386,14.8,BOT,Kick Sauber,Backmarker
90.056,304.0,73.51912177050971,14.8,VER,Red Bull Racing,Top5
89.913,304.0,72.47894118354478,14.8,PIA,McLaren,Top5
115.659,299.0,63.927194700039585,14.8,HUL,Haas F1 Team,Top10
116.032,298.0,65.08010917687523,14.8,STR,Aston Martin,Top10
91.481,299.0,74.28776607032437,14.8,LEC,Ferrari,Midfield
120.13,289.0,61.47139489501041,14.8,OCO,Alpine,Backmarker
92.722,301.0,69.25749262777137,15.1,PER,Red Bull Racing,Backmarker
91.146,302.0,71.43639644971479,15.1,ALO,Aston Martin,Top10
92.318,301.0,70.87976412004963,15.1,TSU,RB,Midfield
90.889,311.0,68.98236830577372,15.1,ALB,Williams,Top10
92.071,303.0,70.43743720864865,15.1,MAG,Haas F1 Team,Backmarker
91.353,314.0,70.5341329343356,15.1,SAR,Williams,Midfield
92.428,304.0,70.17981035270887,15.1,RIC,RB,Midfield
90.118,301.0,76.7387046760681,15.1,HAM,Mercedes,Top5
89.733,307.0,68.94157017083124,15.1,NOR,McLaren,Top5
89.604,300.0,75.53507066849244,15.1,VER,Red Bull Racing,Top5
92.973,295.0,71.98688066260571,15.1,BOT,Kick Sauber,Backmarker
89.574,306.0,72.13889161967911,15.1,PIA,McLaren,Top5
90.475,299.0,74.05060455454687,15.2,SAI,Ferrari,Top10
92.696,299.0,70.88428925328247,15.2,ZHO,Kick Sauber,Midfield
90.878,301.0,75.8315790069861,15.2,LEC,Ferrari,Midfield
91.097,301.0,70.72490718554569,15.2,HUL,Haas F1 Team,Top10
90.098,305.0,74.01904716569179,15.2,STR,Aston Martin,Top10
93.219,321.0,67.15128496831204,15.2,PER,Red Bull Racing,Backmarker
90.594,314.0,72.42567378127002,15.2,ALO,Aston Martin,Top10
90.812,306.0,74.18310851019893,15.2,TSU,RB,Midfield
90.715,330.0,68.21299684054388,15.2,ALB,Williams,Top10
90.61,305.0,73.17738008876218,15.2,MAG,Haas F1 Team,Backmarker
90.875,321.0,71.65382898855842,15.2,SAR,Williams,Midfield
92.838,312.0,72.4099154804076,15.2,OCO,Alpine,Backmarker
91.289,303.0,71.96387838761531,15.2,RIC,RB,Midfield
89.617,303.0,76.96021016080323,15.3,HAM,Mercedes,Top5
90.006,309.0,69.80792949294599,15.3,NOR,McLaren,Top5
89.472,303.0,76.07833634000492,15.3,VER,Red Bull Racing,Top5
93.344,310.0,70.81086787021293,15.3,BOT,Kick Sauber,Backmarker
89.581,304.0,72.34172999052032,15.3,PIA,McLaren,Top5
89.872,308.0,76.52228247371845,15.3,SAI,Ferrari,Top10
93.17,308.0,69.64029749378832,15.3,ZHO,Kick Sauber,Midfield
90.035,301.0,76.25670375656978,15.3,LEC,Ferrari,Midfield
90.701,301.0,73.69558643742141,15.3,HUL,Haas F1 Team,Top10
90.161,304.0,72.90614504525679,15.3,STR,Aston Martin,Top10
90.167,303.0,72.78376326905139,15.3,ALO,Aston Martin,Top10
90.689,304.0,72.60381113015517,15.3,PER,Red Bull Racing,Backmarker
90.319,302.0,73.7555740127304,15.3,TSU,RB,Midfield
90.458,317.0,69.11696566062449,15.3,ALB,Williams,Top10
90.093,304.0,74.78878693906472,15.3,MAG,Haas F1 Team,Backmarker
89.972,330.0,73.41094223274057,15.3,SAR,Williams,Midfield
90.765,303.0,73.47063086754073,15.3,RIC,RB,Midfield
91.114,302.0,76.17626865782944,15.3,OCO,Alpine,Backmarker
89.793,304.0,76.2993852482601,15.3,HAM,Mercedes,Top5
89.262,310.0,72.69325910779314,15.3,NOR,McLaren,Top5
89.105,304.0,77.06946497916434,15.3,VER,Red Bull Racing,Top5
89.286,307.0,72.73362554477114,15.3,PIA,McLaren,Top5
92.348,298.0,72.79212954516952,15.3,BOT,Kick Sauber,Backmarker
89.872,308.0,77.05004701916609,15.2,SAI,Ferrari,Top10
89.832,303.0,76.77158256332432,15.2,LEC,Ferrari,Midfield
91.151,301.0,73.0337535637133,15.2,ZHO,Kick Sauber,Midfield
89.836,305.0,75.12963980041853,15.2,HUL,Haas F1 Team,Top10
90.196,304.0,73.13574807235945,15.2,STR,Aston Martin,Top10
90.098,304.0,71.06352034267547,15.2,ALO,Aston Martin,Top10
90.542,303.0,72.52745456322351,15.2,PER,Red Bull Racing,Backmarker
90.229,301.0,74.20371890767102,15.2,TSU,RB,Midfield
90.126,317.0,69.8571418221069,15.2,ALB,Williams,Top10
90.454,305.0,74.04355142452758,15.2,MAG,Haas F1 Team,Backmarker
90.162,319.0,71.82494792492191,15.2,SAR,Williams,Midfield
91.198,301.0,71.96572894252604,15.2,RIC,RB,Midfield
91.187,302.0,76.4333700272995,15.3,OCO,Alpine,Backmarker
89.697,303.0,77.80731546924454,15.3,HAM,Mercedes,Top5
89.752,310.0,71.11362619562067,15.3,NOR,McLaren,Top5
89.372,303.0,75.83146422360267,15.3,VER,Red Bull Racing,Top5
89.221,306.0,73.25266150021365,15.3,PIA,McLaren,Top5
91.732,298.0,73.02302060620849,15.3,BOT,Kick Sauber,Backmarker
89.739,308.0,76.58873945179172,15.3,SAI,Ferrari,Top10
89.748,303.0,78.43937570799457,15.3,LEC,Ferrari,Midfield
91.121,300.0,72.9136177248696,15.3,ZHO,Kick Sauber,Midfield
90.392,303.0,74.23144612124065,15.3,HUL,Haas F1 Team,Top10
90.03,305.0,72.43931823179375,15.4,STR,Aston Martin,Top10
89.93,304.0,73.08604469254652,15.4,ALO,Aston Martin,Top10
90.229,304.0,71.59280981705975,15.4,PER,Red Bull Racing,Backmarker
90.882,306.0,73.63991517210947,15.4,TSU,RB,Midfield
90.74,332.0,67.90453166482807,15.4,ALB,Williams,Top10
91.342,307.0,72.65175186728436,15.4,MAG,Haas F1 Team,Backmarker
90.003,330.0,73.050214795169,15.4,SAR,Williams,Midfield
91.08,302.0,73.62588189251896,15.4,RIC,RB,Midfield
91.084,301.0,76.42496122193258,15.4,OCO,Alpine,Backmarker
89.438,305.0,78.49049172751722,15.4,HAM,Mercedes,Top5
89.635,309.0,73.21489319678109,15.4,NOR,McLaren,Top5
89.137,303.0,76.82243309643361,15.4,VER,Red Bull Racing,Top5
89.222,309.0,72.18098379474043,15.4,PIA,McLaren,Top5
91.277,298.0,75.52297910506587,15.4,BOT,Kick Sauber,Backmarker
89.589,309.0,77.19022453956224,15.4,SAI,Ferrari,Top10
89.933,303.0,77.64857407020402,15.4,LEC,Ferrari,Midfield
91.014,298.0,75.01108745752093,15.4,ZHO,Kick Sauber,Midfield
90.048,304.0,74.47125831638564,15.4,HUL,Haas F1 Team,Top10
90.025,305.0,73.84847365778073,15.4,STR,Aston Martin,Top10
89.871,303.0,73.55179517835369,15.4,ALO,Aston Martin,Top10
90.518,303.0,73.21355709254522,15.4,PER,Red Bull Racing,Backmarker
91.438,306.0,74.73206113843759,15.4,TSU,RB,Midfield
90.406,332.0,70.87132958305243,15.4,ALB,Williams,Top10
90.613,306.0,74.13847802245985,15.4,SAR,Williams,Midfield
91.722,307.0,71.33213264774095,15.4,MAG,Haas F1 Team,Backmarker
90.955,302.0,74.04571861637005,15.5,RIC,RB,Midfield
90.928,302.0,76.48907198613685,15.5,OCO,Alpine,Backmarker
89.641,305.0,77.7344188686185,15.5,HAM,Mercedes,Top5
89.96,309.0,72.49918925177303,15.5,NOR,McLaren,Top5
89.543,304.0,75.22285894786133,15.5,VER,Red Bull Racing,Top5
89.233,307.0,72.981806397344,15.5,PIA,McLaren,Top5
93.159,300.0,70.93378741161014,15.5,BOT,Kick Sauber,Backmarker
89.588,303.0,77.07085715223927,15.5,SAI,Ferrari,Top10
89.911,303.0,77.60932238521977,15.5,LEC,Ferrari,Midfield
91.378,299.0,73.97121397135419,15.5,ZHO,Kick Sauber,Midfield
90.185,301.0,75.60454139007358,15.5,HUL,Haas F1 Team,Top10
89.897,304.0,72.91345607025902,15.5,STR,Aston Martin,Top10
89.753,304.0,74.06718921375237,15.5,ALO,Aston Martin,Top10
90.565,302.0,74.53576545808434,15.5,PER,Red Bull Racing,Backmarker
90.234,308.0,71.27506190249441,15.5,ALB,Williams,Top10
91.688,315.0,72.30659340475218,15.5,TSU,RB,Midfield
90.826,306.0,73.17334835461374,15.5,SAR,Williams,Midfield
91.131,308.0,73.1145153570282,15.5,MAG,Haas F1 Team,Backmarker
90.849,302.0,73.42353921570742,15.5,RIC,RB,Midfield
90.952,301.0,75.86820884754904,15.5,OCO,Alpine,Backmarker
89.538,304.0,77.16964129091508,15.5,HAM,Mercedes,Top5
89.838,307.0,73.22028542348147,15.5,NOR,McLaren,Top5
89.411,304.0,76.40559889266943,15.5,VER,Red Bull Racing,Top5
89.049,307.0,73.17050062429396,15.5,PIA,McLaren,Top5
89.553,302.0,78.4426831922552,15.6,SAI,Ferrari,Top10
91.396,299.0,75.13945233453647,15.6,BOT,Kick Sauber,Backmarker
90.051,302.0,77.80159082979345,15.6,LEC,Ferrari,Midfield
91.36,300.0,73.7448155025044,15.6,ZHO,Kick Sauber,Midfield
89.864,306.0,74.59010046295627,15.6,HUL,Haas F1 Team,Top10
89.925,303.0,73.55419438618739,15.6,STR,Aston Martin,Top10
89.71,304.0,74.26592472753012,15.6,ALO,Aston Martin,Top10
90.136,302.0,73.68656614934383,15.6,PER,Red Bull Racing,Backmarker
90.148,309.0,70.92128164460121,15.6,ALB,Williams,Top10
90.982,302.0,73.23346621363436,15.6,TSU,RB,Midfield
91.25,307.0,72.05996651464315,15.6,SAR,Williams,Midfield
91.036,308.0,71.90429761843278,15.6,MAG,Haas F1 Team,Backmarker
90.735,303.0,73.06865572671055,15.6,RIC,RB,Midfield
90.875,302.0,76.80456460335382,15.6,OCO,Alpine,Backmarker
89.579,310.0,77.6195516850647,15.6,HAM,Mercedes,Top5
90.556,308.0,72.71041092121348,15.6,NOR,McLaren,Top5
88.952,327.0,75.3044446958586,15.6,VER,Red Bull Racing,Top5
89.124,307.0,72.90269986813857,15.6,PIA,McLaren,Top5
89.415,302.0,77.2292257184025,15.6,SAI,Ferrari,Top10
91.431,299.0,76.03481347381079,15.6,BOT,Kick Sauber,Backmarker
90.289,303.0,77.14217611632039,15.6,LEC,Ferrari,Midfield
91.43,299.0,74.84937114021747,15.6,ZHO,Kick Sauber,Midfield
90.365,306.0,73.68850406961285,15.6,HUL,Haas F1 Team,Top10
90.237,304.0,73.22220810958783,15.7,STR,Aston Martin,Top10
90.114,304.0,72.47474611583905,15.7,ALO,Aston Martin,Top10
90.795,302.0,73.2128871611234,15.7,PER,Red Bull Racing,Backmarker
90.068,309.0,70.56424788239154,15.7,ALB,Williams,Top10
91.367,304.0,73.11529601982609,15.7,TSU,RB,Midfield
91.201,307.0,72.02481989574085,15.7,SAR,Williams,Midfield
90.953,307.0,73.04325741887988,15.7,MAG,Haas F1 Team,Backmarker
91.109,302.0,73.34588984898298,15.7,RIC,RB,Midfield
93.599,302.0,73.09767796550732,15.7,OCO,Alpine,Backmarker
89.667,309.0,76.246742464884,15.7,HAM,Mercedes,Top5
89.56,302.0,76.39947824714221,15.7,VER,Red Bull Racing,Top5
90.515,313.0,71.30856605116944,15.7,NOR,McLaren,Top5
89.283,308.0,71.91190895961812,15.7,PIA,McLaren,Top5
89.439,302.0,77.24904886070527,15.7,SAI,Ferrari,Top10
92.006,297.0,74.06489468806477,15.7,BOT,Kick Sauber,Backmarker
90.204,303.0,77.95053860348122,15.7,LEC,Ferrari,Midfield
91.283,297.0,74.90360362009679,15.7,ZHO,Kick Sauber,Midfield
90.371,308.0,74.68612440199585,15.7,HUL,Haas F1 Team,Top10
89.969,305.0,74.30449886364859,15.7,STR,Aston Martin,Top10
90.7,303.0,67.14481764318668,15.7,ALO,Aston Martin,Top10
89.96,308.0,71.65336767485897,15.7,ALB,Williams,Top10
91.08,303.0,72.72578149615242,15.7,TSU,RB,Midfield
91.175,306.0,73.90874298659794,15.7,SAR,Williams,Midfield
90.803,308.0,72.30628299559912,15.8,MAG,Haas F1 Team,Backmarker
92.926,301.0,71.29254404183403,15.8,RIC,RB,Midfield
89.682,309.0,76.33423137008968,15.8,HAM,Mercedes,Top5
95.931,310.0,65.59306970681043,15.8,OCO,Alpine,Backmarker
89.286,303.0,76.6913442867915,15.8,VER,Red Bull Racing,Top5
90.544,309.0,70.67575487283897,15.8,NOR,McLaren,Top5
89.958,308.0,70.80152668098833,15.8,PIA,McLaren,Top5
89.434,305.0,76.24714263932452,15.8,SAI,Ferrari,Top10
91.688,299.0,73.55005100124284,15.8,BOT,Kick Sauber,Backmarker
90.929,304.0,76.00861688847442,15.8,LEC,Ferrari,Midfield
91.556,297.0,74.77061340218103,15.8,ZHO,Kick Sauber,Midfield
90.47,310.0,74.89252643794872,15.8,HUL,Haas F1 Team,Top10
90.03,304.0,73.56680008735553,15.8,STR,Aston Martin,Top10
90.727,301.0,66.33594405846652,15.8,ALO,Aston Martin,Top10
89.828,307.0,72.18426305059485,15.8,ALB,Williams,Top10
91.407,301.0,72.79006809692031,15.8,TSU,RB,Midfield
91.249,306.0,73.374213499973,15.8,SAR,Williams,Midfield
91.143,307.0,71.5322290764483,15.8,MAG,Haas F1 Team,Backmarker
89.743,309.0,76.95352873446916,15.8,HAM,Mercedes,Top5
94.15,303.0,67.92296535192384,15.8,RIC,RB,Midfield
89.443,304.0,76.76079996779507,15.8,VER,Red Bull Racing,Top5
90.769,309.0,70.82303379002882,15.8,NOR,McLaren,Top5
91.06,302.0,76.54827089532583,15.8,OCO,Alpine,Backmarker
97.36,301.0,62.37715179314654,15.8,PER,Red Bull Racing,Backmarker
88.748,309.0,73.50719820905698,15.8,PIA,McLaren,Top5
112.546,306.0,67.82779418500148,15.9,SAI,Ferrari,Top10
92.32,301.0,74.30753454397764,15.9,BOT,Kick Sauber,Backmarker
90.488,327.0,74.25432991580381,15.9,LEC,Ferrari,Midfield
92.504,299.0,72.45153729186255,15.9,ZHO,Kick Sauber,Midfield
90.696,309.0,73.99904467457102,15.9,HUL,Haas F1 Team,Top10
90.026,306.0,73.2675953871206,15.9,STR,Aston Martin,Top10
90.592,302.0,67.68389857430321,15.9,ALO,Aston Martin,Top10
89.916,308.0,73.1969904615131,15.9,ALB,Williams,Top10
91.529,303.0,71.77477429007116,15.9,TSU,RB,Midfield
91.662,306.0,72.66476915340345,15.9,SAR,Williams,Midfield
91.469,308.0,72.63548326475785,15.9,MAG,Haas F1 Team,Backmarker
90.146,308.0,75.314719825791,15.9,HAM,Mercedes,Top5
89.089,306.0,76.93209131112252,15.9,VER,Red Bull Racing,Top5
94.814,324.0,64.77211927863637,15.9,RIC,RB,Midfield
90.913,307.0,69.52260867187967,15.9,NOR,McLaren,Top5
91.608,302.0,74.68464818051947,15.9,OCO,Alpine,Backmarker
89.928,309.0,72.18679230282106,15.9,PIA,McLaren,Top5
89.707,308.0,74.79981822467954,15.9,PER,Red Bull Racing,Backmarker
91.674,302.0,76.12020548799215,15.9,LEC,Ferrari,Midfield
92.217,309.0,72.75632766118828,15.9,BOT,Kick Sauber,Backmarker
88.293,307.0,78.54883553457587,15.9,SAI,Ferrari,Top10
91.749,300.0,72.4032021001203,15.9,ZHO,Kick Sauber,Midfield
90.847,312.0,72.78180247028475,15.8,HUL,Haas F1 Team,Top10
90.053,312.0,72.32440845254114,15.8,STR,Aston Martin,Top10
91.43,303.0,64.27181046586821,15.8,ALO,Aston Martin,Top10
89.718,308.0,71.38869020985756,15.8,ALB,Williams,Top10
92.09,303.0,68.73722759495823,15.8,TSU,RB,Midfield
92.088,306.0,72.08027025155013,15.8,SAR,Williams,Midfield
91.982,309.0,70.20011160309944,15.8,MAG,Haas F1 Team,Backmarker
