group1,group2,meandiff,p-adj,lower,upper,reject
HARD_Backmarker_Early,HARD_Backmarker_Mid,1.4755,0.9999,-2.5004,5.4514,False
HARD_Backmarker_Early,HARD_Top10_Late,-1.5262,0.5756,-3.6026,0.5501,False
HARD_Backmarker_Early,HARD_Top5_Late,-1.8155,0.1072,-3.7556,0.1246,False
HARD_Backmarker_Early,INTERMEDIATE_Backmarker_Late,4.2564,0.0,2.277,6.2359,True
HARD_Backmarker_Early,INTERMEDIATE_Backmarker_Mid,4.4013,0.0,2.8214,5.9811,True
HARD_Backmarker_Early,INTERMEDIATE_Midfield_Late,4.1767,0.0,2.3302,6.0232,True
HARD_Backmarker_Early,INTERMEDIATE_Midfield_Mid,4.819,0.0,3.2926,6.3455,True
HARD_Backmarker_Early,INTERMEDIATE_Top10_Late,3.6013,0.0,1.8755,5.3271,True
HARD_Backmarker_Early,INTERMEDIATE_Top10_Mid,3.9953,0.0,2.4024,5.5881,True
HARD_Backmarker_Early,INTERMEDIATE_Top5_Late,3.1904,0.0,1.3439,5.0369,True
HARD_Backmarker_Early,INTERMEDIATE_Top5_Mid,3.198,0.0,1.5908,4.8052,True
HARD_Backmarker_Early,MEDIUM_Backmarker_Early,0.18,1.0,-1.4432,1.8031,False
HARD_Backmarker_Early,MEDIUM_Backmarker_Late,-0.7769,0.9984,-2.5187,0.9649,False
HARD_Backmarker_Early,MEDIUM_Backmarker_Mid,2.8997,0.0,1.1888,4.6107,True
HARD_Backmarker_Early,MEDIUM_Midfield_Early,-0.0373,1.0,-1.5083,1.4336,False
HARD_Backmarker_Early,MEDIUM_Midfield_Mid,2.1834,0.0002,0.5685,3.7984,True
HARD_Backmarker_Early,MEDIUM_Top10_Early,-0.2234,1.0,-1.6752,1.2284,False
HARD_Backmarker_Early,MEDIUM_Top10_Late,-1.2241,0.4279,-2.7867,0.3386,False
HARD_Backmarker_Early,MEDIUM_Top10_Mid,1.6021,0.0281,0.0677,3.1365,True
HARD_Backmarker_Early,MEDIUM_Top5_Early,-0.7286,0.9902,-2.1804,0.7232,False
HARD_Backmarker_Early,MEDIUM_Top5_Late,-1.8455,0.09,-3.7856,0.0946,False
HARD_Backmarker_Early,MEDIUM_Top5_Mid,1.4034,0.1252,-0.1193,2.9261,False
HARD_Backmarker_Early,SOFT_Backmarker_Early,0.4596,1.0,-1.4147,2.3338,False
HARD_Backmarker_Early,SOFT_Backmarker_Late,-0.5623,1.0,-2.2034,1.0788,False
HARD_Backmarker_Early,SOFT_Backmarker_Mid,1.9735,0.9916,-2.0024,5.9494,False
HARD_Backmarker_Early,SOFT_Midfield_Early,0.562,1.0,-1.5144,2.6383,False
HARD_Backmarker_Early,SOFT_Midfield_Late,-0.8623,0.9319,-2.3353,0.6107,False
HARD_Backmarker_Early,SOFT_Top10_Late,-1.3014,0.7308,-3.2067,0.6038,False
HARD_Backmarker_Early,SOFT_Top5_Late,-1.5092,0.1533,-3.1818,0.1633,False
HARD_Backmarker_Mid,HARD_Top10_Late,-3.0017,0.5708,-7.0768,1.0734,False
HARD_Backmarker_Mid,HARD_Top5_Late,-3.291,0.3226,-7.2984,0.7164,False
HARD_Backmarker_Mid,INTERMEDIATE_Backmarker_Late,2.7809,0.7095,-1.2457,6.8075,False
HARD_Backmarker_Mid,INTERMEDIATE_Backmarker_Mid,2.9258,0.496,-0.9202,6.7717,False
HARD_Backmarker_Mid,INTERMEDIATE_Midfield_Late,2.7012,0.7349,-1.2618,6.6641,False
HARD_Backmarker_Mid,INTERMEDIATE_Midfield_Mid,3.3435,0.2024,-0.4808,7.1678,False
HARD_Backmarker_Mid,INTERMEDIATE_Top10_Late,2.1258,0.971,-1.7823,6.034,False
HARD_Backmarker_Mid,INTERMEDIATE_Top10_Mid,2.5198,0.8057,-1.3315,6.371,False
HARD_Backmarker_Mid,INTERMEDIATE_Top5_Late,1.7149,0.9991,-2.248,5.6778,False
HARD_Backmarker_Mid,INTERMEDIATE_Top5_Mid,1.7225,0.9984,-2.1347,5.5797,False
HARD_Backmarker_Mid,MEDIUM_Backmarker_Early,-1.2955,1.0,-5.1595,2.5684,False
HARD_Backmarker_Mid,MEDIUM_Backmarker_Late,-2.2524,0.9438,-6.1676,1.6629,False
HARD_Backmarker_Mid,MEDIUM_Backmarker_Mid,1.4242,1.0,-2.4774,5.3259,False
HARD_Backmarker_Mid,MEDIUM_Midfield_Early,-1.5128,0.9998,-5.3153,2.2897,False
HARD_Backmarker_Mid,MEDIUM_Midfield_Mid,0.7079,1.0,-3.1526,4.5684,False
HARD_Backmarker_Mid,MEDIUM_Top10_Early,-1.6989,0.9983,-5.494,2.0962,False
HARD_Backmarker_Mid,MEDIUM_Top10_Late,-2.6996,0.6728,-6.5385,1.1393,False
HARD_Backmarker_Mid,MEDIUM_Top10_Mid,0.1266,1.0,-3.7009,3.9541,False
HARD_Backmarker_Mid,MEDIUM_Top5_Early,-2.2041,0.9375,-5.9992,1.591,False
HARD_Backmarker_Mid,MEDIUM_Top5_Late,-3.321,0.3035,-7.3284,0.6864,False
HARD_Backmarker_Mid,MEDIUM_Top5_Mid,-0.0721,1.0,-3.8949,3.7507,False
HARD_Backmarker_Mid,SOFT_Backmarker_Early,-1.0159,1.0,-4.9919,2.96,False
HARD_Backmarker_Mid,SOFT_Backmarker_Late,-2.0378,0.981,-5.9093,1.8337,False
HARD_Backmarker_Mid,SOFT_Backmarker_Mid,0.498,1.0,-4.8033,5.7993,False
HARD_Backmarker_Mid,SOFT_Midfield_Early,-0.9135,1.0,-4.9887,3.1616,False
HARD_Backmarker_Mid,SOFT_Midfield_Late,-2.3378,0.8881,-6.1411,1.4655,False
HARD_Backmarker_Mid,SOFT_Top10_Late,-2.7769,0.6944,-6.7676,1.2137,False
HARD_Backmarker_Mid,SOFT_Top5_Late,-2.9847,0.4729,-6.8697,0.9002,False
HARD_Top10_Late,HARD_Top5_Late,-0.2893,1.0,-2.4252,1.8467,False
HARD_Top10_Late,INTERMEDIATE_Backmarker_Late,5.7827,0.0,3.6109,7.9544,True
HARD_Top10_Late,INTERMEDIATE_Backmarker_Mid,5.9275,0.0,4.1124,7.7425,True
HARD_Top10_Late,INTERMEDIATE_Midfield_Late,5.7029,0.0,3.6516,7.7542,True
HARD_Top10_Late,INTERMEDIATE_Midfield_Mid,6.3453,0.0,4.5765,8.114,True
HARD_Top10_Late,INTERMEDIATE_Top10_Late,5.1276,0.0,3.1842,7.0709,True
HARD_Top10_Late,INTERMEDIATE_Top10_Mid,5.5215,0.0,3.6951,7.3478,True
HARD_Top10_Late,INTERMEDIATE_Top5_Late,4.7166,0.0,2.6653,6.7679,True
HARD_Top10_Late,INTERMEDIATE_Top5_Mid,4.7242,0.0,2.8854,6.5631,True
HARD_Top10_Late,MEDIUM_Backmarker_Early,1.7062,0.1262,-0.1467,3.5591,False
HARD_Top10_Late,MEDIUM_Backmarker_Late,0.7494,0.9999,-1.2083,2.707,False
HARD_Top10_Late,MEDIUM_Backmarker_Mid,4.426,0.0,2.4957,6.3562,True
HARD_Top10_Late,MEDIUM_Midfield_Early,1.4889,0.2207,-0.2322,3.21,False
HARD_Top10_Late,MEDIUM_Midfield_Mid,3.7096,0.0,1.864,5.5553,True
HARD_Top10_Late,MEDIUM_Top10_Early,1.3028,0.4853,-0.4019,3.0075,False
HARD_Top10_Late,MEDIUM_Top10_Late,0.3021,1.0,-1.4979,2.1022,False
HARD_Top10_Late,MEDIUM_Top10_Mid,3.1283,0.0,1.3527,4.904,True
HARD_Top10_Late,MEDIUM_Top5_Early,0.7977,0.9966,-0.9071,2.5024,False
HARD_Top10_Late,MEDIUM_Top5_Late,-0.3193,1.0,-2.4552,1.8167,False
HARD_Top10_Late,MEDIUM_Top5_Mid,2.9296,0.0,1.1641,4.6951,True
HARD_Top10_Late,SOFT_Backmarker_Early,1.9858,0.0848,-0.0906,4.0622,False
HARD_Top10_Late,SOFT_Backmarker_Late,0.9639,0.9855,-0.9047,2.8325,False
HARD_Top10_Late,SOFT_Backmarker_Mid,3.4997,0.2338,-0.5754,7.5748,False
HARD_Top10_Late,SOFT_Midfield_Early,2.0882,0.1223,-0.1723,4.3486,False
HARD_Top10_Late,SOFT_Midfield_Late,0.6639,0.9999,-1.0589,2.3868,False
HARD_Top10_Late,SOFT_Top10_Late,0.2248,1.0,-1.8796,2.3292,False
HARD_Top10_Late,SOFT_Top5_Late,0.017,1.0,-1.8792,1.9132,False
HARD_Top5_Late,INTERMEDIATE_Backmarker_Late,6.0719,0.0,4.0301,8.1138,True
HARD_Top5_Late,INTERMEDIATE_Backmarker_Mid,6.2168,0.0,4.5594,7.8742,True
HARD_Top5_Late,INTERMEDIATE_Midfield_Late,5.9922,0.0,4.0789,7.9054,True
HARD_Top5_Late,INTERMEDIATE_Midfield_Mid,6.6345,0.0,5.028,8.2411,True
HARD_Top5_Late,INTERMEDIATE_Top10_Late,5.4168,0.0,3.6198,7.2138,True
HARD_Top5_Late,INTERMEDIATE_Top10_Mid,5.8108,0.0,4.141,7.4805,True
HARD_Top5_Late,INTERMEDIATE_Top5_Late,5.0059,0.0,3.0926,6.9191,True
HARD_Top5_Late,INTERMEDIATE_Top5_Mid,5.0135,0.0,3.3301,6.6969,True
HARD_Top5_Late,MEDIUM_Backmarker_Early,1.9955,0.004,0.2968,3.6942,True
HARD_Top5_Late,MEDIUM_Backmarker_Late,1.0386,0.9461,-0.7738,2.851,False
HARD_Top5_Late,MEDIUM_Backmarker_Mid,4.7152,0.0,2.9325,6.498,True
HARD_Top5_Late,MEDIUM_Midfield_Early,1.7782,0.0065,0.2242,3.3321,True
HARD_Top5_Late,MEDIUM_Midfield_Mid,3.9989,0.0,2.3081,5.6898,True
HARD_Top5_Late,MEDIUM_Top10_Early,1.5921,0.031,0.0563,3.1279,True
HARD_Top5_Late,MEDIUM_Top10_Late,0.5914,1.0,-1.0496,2.2324,False
HARD_Top5_Late,MEDIUM_Top10_Mid,3.4176,0.0,1.8035,5.0317,True
HARD_Top5_Late,MEDIUM_Top5_Early,1.0869,0.6593,-0.4489,2.6227,False
HARD_Top5_Late,MEDIUM_Top5_Late,-0.03,1.0,-2.0337,1.9737,False
HARD_Top5_Late,MEDIUM_Top5_Mid,3.2189,0.0,1.6159,4.8218,True
HARD_Top5_Late,SOFT_Backmarker_Early,2.2751,0.0042,0.335,4.2151,True
HARD_Top5_Late,SOFT_Backmarker_Late,1.2532,0.5901,-0.4627,2.9691,False
HARD_Top5_Late,SOFT_Backmarker_Mid,3.789,0.0961,-0.2184,7.7964,False
HARD_Top5_Late,SOFT_Midfield_Early,2.3775,0.0105,0.2415,4.5134,True
HARD_Top5_Late,SOFT_Midfield_Late,0.9532,0.8916,-0.6026,2.5091,False
HARD_Top5_Late,SOFT_Top10_Late,0.5141,1.0,-1.4559,2.4841,False
HARD_Top5_Late,SOFT_Top5_Late,0.3063,1.0,-1.4397,2.0522,False
INTERMEDIATE_Backmarker_Late,INTERMEDIATE_Backmarker_Mid,0.1448,1.0,-1.5585,1.8482,False
INTERMEDIATE_Backmarker_Late,INTERMEDIATE_Midfield_Late,-0.0797,1.0,-2.0329,1.8734,False
INTERMEDIATE_Backmarker_Late,INTERMEDIATE_Midfield_Mid,0.5626,1.0,-1.0913,2.2165,False
INTERMEDIATE_Backmarker_Late,INTERMEDIATE_Top10_Late,-0.6551,1.0,-2.4946,1.1844,False
INTERMEDIATE_Backmarker_Late,INTERMEDIATE_Top10_Mid,-0.2612,1.0,-1.9765,1.4542,False
INTERMEDIATE_Backmarker_Late,INTERMEDIATE_Top5_Late,-1.066,0.9698,-3.0192,0.8871,False
INTERMEDIATE_Backmarker_Late,INTERMEDIATE_Top5_Mid,-1.0584,0.8922,-2.7871,0.6703,False
INTERMEDIATE_Backmarker_Late,MEDIUM_Backmarker_Early,-4.0765,0.0,-5.82,-2.3329,True
INTERMEDIATE_Backmarker_Late,MEDIUM_Backmarker_Late,-5.0333,0.0,-6.8878,-3.1788,True
INTERMEDIATE_Backmarker_Late,MEDIUM_Backmarker_Mid,-1.3567,0.5505,-3.1823,0.4689,False
INTERMEDIATE_Backmarker_Late,MEDIUM_Midfield_Early,-4.2938,0.0,-5.8966,-2.6909,True
INTERMEDIATE_Backmarker_Late,MEDIUM_Midfield_Mid,-2.073,0.0029,-3.8089,-0.3371,True
INTERMEDIATE_Backmarker_Late,MEDIUM_Top10_Early,-4.4798,0.0,-6.0651,-2.8946,True
INTERMEDIATE_Backmarker_Late,MEDIUM_Top10_Late,-5.4805,0.0,-7.1679,-3.7931,True
INTERMEDIATE_Backmarker_Late,MEDIUM_Top10_Mid,-2.6543,0.0,-4.3156,-0.9931,True
INTERMEDIATE_Backmarker_Late,MEDIUM_Top5_Early,-4.985,0.0,-6.5703,-3.3997,True
INTERMEDIATE_Backmarker_Late,MEDIUM_Top5_Late,-6.1019,0.0,-8.1438,-4.0601,True
INTERMEDIATE_Backmarker_Late,MEDIUM_Top5_Mid,-2.853,0.0,-4.5035,-1.2026,True
INTERMEDIATE_Backmarker_Late,SOFT_Backmarker_Early,-3.7969,0.0,-5.7763,-1.8174,True
INTERMEDIATE_Backmarker_Late,SOFT_Backmarker_Late,-4.8187,0.0,-6.579,-3.0584,True
INTERMEDIATE_Backmarker_Late,SOFT_Backmarker_Mid,-2.2829,0.9523,-6.3095,1.7437,False
INTERMEDIATE_Backmarker_Late,SOFT_Midfield_Early,-3.6945,0.0,-5.8663,-1.5227,True
INTERMEDIATE_Backmarker_Late,SOFT_Midfield_Late,-5.1187,0.0,-6.7234,-3.514,True
INTERMEDIATE_Backmarker_Late,SOFT_Top10_Late,-5.5579,0.0,-7.5667,-3.549,True
INTERMEDIATE_Backmarker_Late,SOFT_Top5_Late,-5.7657,0.0,-7.5553,-3.9761,True
INTERMEDIATE_Backmarker_Mid,INTERMEDIATE_Midfield_Late,-0.2246,1.0,-1.7714,1.3222,False
INTERMEDIATE_Backmarker_Mid,INTERMEDIATE_Midfield_Mid,0.4178,1.0,-0.7281,1.5637,False
INTERMEDIATE_Backmarker_Mid,INTERMEDIATE_Top10_Late,-0.7999,0.9481,-2.2005,0.6006,False
INTERMEDIATE_Backmarker_Mid,INTERMEDIATE_Top10_Mid,-0.406,1.0,-1.639,0.827,False
INTERMEDIATE_Backmarker_Mid,INTERMEDIATE_Top5_Late,-1.2109,0.4294,-2.7577,0.336,False
INTERMEDIATE_Backmarker_Mid,INTERMEDIATE_Top5_Mid,-1.2033,0.0799,-2.4547,0.0482,False
INTERMEDIATE_Backmarker_Mid,MEDIUM_Backmarker_Early,-4.2213,0.0,-5.4932,-2.9494,True
INTERMEDIATE_Backmarker_Mid,MEDIUM_Backmarker_Late,-5.1781,0.0,-6.5983,-3.7579,True
INTERMEDIATE_Backmarker_Mid,MEDIUM_Backmarker_Mid,-1.5015,0.0156,-2.8837,-0.1193,True
INTERMEDIATE_Backmarker_Mid,MEDIUM_Midfield_Early,-4.4386,0.0,-5.5095,-3.3677,True
INTERMEDIATE_Backmarker_Mid,MEDIUM_Midfield_Mid,-2.2179,0.0,-3.4793,-0.9564,True
INTERMEDIATE_Backmarker_Mid,MEDIUM_Top10_Early,-4.6247,0.0,-5.6691,-3.5802,True
INTERMEDIATE_Backmarker_Mid,MEDIUM_Top10_Late,-5.6253,0.0,-6.8191,-4.4316,True
INTERMEDIATE_Backmarker_Mid,MEDIUM_Top10_Mid,-2.7991,0.0,-3.9557,-1.6426,True
INTERMEDIATE_Backmarker_Mid,MEDIUM_Top5_Early,-5.1298,0.0,-6.1743,-4.0854,True
INTERMEDIATE_Backmarker_Mid,MEDIUM_Top5_Late,-6.2468,0.0,-7.9042,-4.5894,True
INTERMEDIATE_Backmarker_Mid,MEDIUM_Top5_Mid,-2.9979,0.0,-4.1388,-1.857,True
INTERMEDIATE_Backmarker_Mid,SOFT_Backmarker_Early,-3.9417,0.0,-5.5216,-2.3618,True
INTERMEDIATE_Backmarker_Mid,SOFT_Backmarker_Late,-4.9636,0.0,-6.2583,-3.6688,True
INTERMEDIATE_Backmarker_Mid,SOFT_Backmarker_Mid,-2.4278,0.8568,-6.2737,1.4182,False
INTERMEDIATE_Backmarker_Mid,SOFT_Midfield_Early,-3.8393,0.0,-5.6544,-2.0243,True
INTERMEDIATE_Backmarker_Mid,SOFT_Midfield_Late,-5.2635,0.0,-6.3372,-4.1898,True
INTERMEDIATE_Backmarker_Mid,SOFT_Top10_Late,-5.7027,0.0,-7.3192,-4.0862,True
INTERMEDIATE_Backmarker_Mid,SOFT_Top5_Late,-5.9105,0.0,-7.2448,-4.5762,True
INTERMEDIATE_Midfield_Late,INTERMEDIATE_Midfield_Mid,0.6424,0.9991,-0.8499,2.1346,False
INTERMEDIATE_Midfield_Late,INTERMEDIATE_Top10_Late,-0.5754,1.0,-2.2709,1.1202,False
INTERMEDIATE_Midfield_Late,INTERMEDIATE_Top10_Mid,-0.1814,1.0,-1.7415,1.3786,False
INTERMEDIATE_Midfield_Late,INTERMEDIATE_Top5_Late,-0.9863,0.972,-2.8046,0.832,False
INTERMEDIATE_Midfield_Late,INTERMEDIATE_Top5_Mid,-0.9787,0.8758,-2.5534,0.596,False
INTERMEDIATE_Midfield_Late,MEDIUM_Backmarker_Early,-3.9967,0.0,-5.5877,-2.4057,True
INTERMEDIATE_Midfield_Late,MEDIUM_Backmarker_Late,-4.9535,0.0,-6.6654,-3.2417,True
INTERMEDIATE_Midfield_Late,MEDIUM_Backmarker_Mid,-1.2769,0.4988,-2.9574,0.4036,False
INTERMEDIATE_Midfield_Late,MEDIUM_Midfield_Early,-4.214,0.0,-5.6494,-2.7786,True
INTERMEDIATE_Midfield_Late,MEDIUM_Midfield_Mid,-1.9933,0.001,-3.5759,-0.4106,True
INTERMEDIATE_Midfield_Late,MEDIUM_Top10_Early,-4.4001,0.0,-5.8159,-2.9843,True
INTERMEDIATE_Midfield_Late,MEDIUM_Top10_Late,-5.4008,0.0,-6.93,-3.8715,True
INTERMEDIATE_Midfield_Late,MEDIUM_Top10_Mid,-2.5746,0.0,-4.0749,-1.0742,True
INTERMEDIATE_Midfield_Late,MEDIUM_Top5_Early,-4.9053,0.0,-6.321,-3.4895,True
INTERMEDIATE_Midfield_Late,MEDIUM_Top5_Late,-6.0222,0.0,-7.9354,-4.1089,True
INTERMEDIATE_Midfield_Late,MEDIUM_Top5_Mid,-2.7733,0.0,-4.2617,-1.2849,True
INTERMEDIATE_Midfield_Late,SOFT_Backmarker_Early,-3.7171,0.0,-5.5636,-1.8706,True
INTERMEDIATE_Midfield_Late,SOFT_Backmarker_Late,-4.739,0.0,-6.3483,-3.1297,True
INTERMEDIATE_Midfield_Late,SOFT_Backmarker_Mid,-2.2032,0.9622,-6.1661,1.7598,False
INTERMEDIATE_Midfield_Late,SOFT_Midfield_Early,-3.6147,0.0,-5.6661,-1.5634,True
INTERMEDIATE_Midfield_Late,SOFT_Midfield_Late,-5.039,0.0,-6.4765,-3.6015,True
INTERMEDIATE_Midfield_Late,SOFT_Top10_Late,-5.4781,0.0,-7.3561,-3.6002,True
INTERMEDIATE_Midfield_Late,SOFT_Top5_Late,-5.6859,0.0,-7.3273,-4.0446,True
INTERMEDIATE_Midfield_Mid,INTERMEDIATE_Top10_Late,-1.2177,0.1435,-2.5576,0.1222,False
INTERMEDIATE_Midfield_Mid,INTERMEDIATE_Top10_Mid,-0.8238,0.6588,-1.9875,0.3399,False
INTERMEDIATE_Midfield_Mid,INTERMEDIATE_Top5_Late,-1.6286,0.0144,-3.1209,-0.1364,True
INTERMEDIATE_Midfield_Mid,INTERMEDIATE_Top5_Mid,-1.621,0.0001,-2.8043,-0.4378,True
INTERMEDIATE_Midfield_Mid,MEDIUM_Backmarker_Early,-4.6391,0.0,-5.844,-3.4342,True
INTERMEDIATE_Midfield_Mid,MEDIUM_Backmarker_Late,-5.5959,0.0,-6.9564,-4.2354,True
INTERMEDIATE_Midfield_Mid,MEDIUM_Backmarker_Mid,-1.9193,0.0,-3.2401,-0.5985,True
INTERMEDIATE_Midfield_Mid,MEDIUM_Midfield_Early,-4.8564,0.0,-5.8467,-3.866,True
INTERMEDIATE_Midfield_Mid,MEDIUM_Midfield_Mid,-2.6356,0.0,-3.8294,-1.4418,True
INTERMEDIATE_Midfield_Mid,MEDIUM_Top10_Early,-5.0425,0.0,-6.0041,-4.0808,True
INTERMEDIATE_Midfield_Mid,MEDIUM_Top10_Late,-6.0431,0.0,-7.1652,-4.9211,True
INTERMEDIATE_Midfield_Mid,MEDIUM_Top10_Mid,-3.2169,0.0,-4.2993,-2.1346,True
INTERMEDIATE_Midfield_Mid,MEDIUM_Top5_Early,-5.5476,0.0,-6.5093,-4.5859,True
INTERMEDIATE_Midfield_Mid,MEDIUM_Top5_Late,-6.6645,0.0,-8.2711,-5.058,True
INTERMEDIATE_Midfield_Mid,MEDIUM_Top5_Mid,-3.4157,0.0,-4.4813,-2.35,True
INTERMEDIATE_Midfield_Mid,SOFT_Backmarker_Early,-4.3595,0.0,-5.8859,-2.833,True
INTERMEDIATE_Midfield_Mid,SOFT_Backmarker_Late,-5.3813,0.0,-6.6103,-4.1524,True
INTERMEDIATE_Midfield_Mid,SOFT_Backmarker_Mid,-2.8455,0.5476,-6.6698,0.9788,False
INTERMEDIATE_Midfield_Mid,SOFT_Midfield_Early,-4.2571,0.0,-6.0258,-2.4884,True
INTERMEDIATE_Midfield_Mid,SOFT_Midfield_Late,-5.6813,0.0,-6.6747,-4.6879,True
INTERMEDIATE_Midfield_Mid,SOFT_Top10_Late,-6.1205,0.0,-7.6848,-4.5561,True
INTERMEDIATE_Midfield_Mid,SOFT_Top5_Late,-6.3283,0.0,-7.5989,-5.0577,True
INTERMEDIATE_Top10_Late,INTERMEDIATE_Top10_Mid,0.3939,1.0,-1.0212,1.809,False
INTERMEDIATE_Top10_Late,INTERMEDIATE_Top5_Late,-0.4109,1.0,-2.1065,1.2846,False
INTERMEDIATE_Top10_Late,INTERMEDIATE_Top5_Mid,-0.4033,1.0,-1.8346,1.0279,False
INTERMEDIATE_Top10_Late,MEDIUM_Backmarker_Early,-3.4214,0.0,-4.8705,-1.9722,True
INTERMEDIATE_Top10_Late,MEDIUM_Backmarker_Late,-4.3782,0.0,-5.9591,-2.7973,True
INTERMEDIATE_Top10_Late,MEDIUM_Backmarker_Mid,-0.7016,0.9979,-2.2485,0.8453,False
INTERMEDIATE_Top10_Late,MEDIUM_Midfield_Early,-3.6387,0.0,-4.9151,-2.3623,True
INTERMEDIATE_Top10_Late,MEDIUM_Midfield_Mid,-1.4179,0.0605,-2.8579,0.022,False
INTERMEDIATE_Top10_Late,MEDIUM_Top10_Early,-3.8248,0.0,-5.079,-2.5705,True
INTERMEDIATE_Top10_Late,MEDIUM_Top10_Late,-4.8254,0.0,-6.2065,-3.4443,True
INTERMEDIATE_Top10_Late,MEDIUM_Top10_Mid,-1.9992,0.0,-3.3482,-0.6502,True
INTERMEDIATE_Top10_Late,MEDIUM_Top5_Early,-4.3299,0.0,-5.5842,-3.0756,True
INTERMEDIATE_Top10_Late,MEDIUM_Top5_Late,-5.4468,0.0,-7.2438,-3.6498,True
INTERMEDIATE_Top10_Late,MEDIUM_Top5_Mid,-2.1979,0.0,-3.5336,-0.8623,True
INTERMEDIATE_Top10_Late,SOFT_Backmarker_Early,-3.1418,0.0,-4.8676,-1.416,True
INTERMEDIATE_Top10_Late,SOFT_Backmarker_Late,-4.1636,0.0,-5.6329,-2.6944,True
INTERMEDIATE_Top10_Late,SOFT_Backmarker_Mid,-1.6278,0.9995,-5.536,2.2803,False
INTERMEDIATE_Top10_Late,SOFT_Midfield_Early,-3.0394,0.0,-4.9828,-1.096,True
INTERMEDIATE_Top10_Late,SOFT_Midfield_Late,-4.4636,0.0,-5.7423,-3.1849,True
INTERMEDIATE_Top10_Late,SOFT_Top10_Late,-4.9028,0.0,-6.6621,-3.1434,True
INTERMEDIATE_Top10_Late,SOFT_Top5_Late,-5.1106,0.0,-6.6148,-3.6063,True
INTERMEDIATE_Top10_Mid,INTERMEDIATE_Top5_Late,-0.8049,0.9855,-2.3649,0.7552,False
INTERMEDIATE_Top10_Mid,INTERMEDIATE_Top5_Mid,-0.7973,0.8616,-2.065,0.4705,False
INTERMEDIATE_Top10_Mid,MEDIUM_Backmarker_Early,-3.8153,0.0,-5.1033,-2.5273,True
INTERMEDIATE_Top10_Mid,MEDIUM_Backmarker_Late,-4.7721,0.0,-6.2067,-3.3375,True
INTERMEDIATE_Top10_Mid,MEDIUM_Backmarker_Mid,-1.0955,0.4254,-2.4925,0.3015,False
INTERMEDIATE_Top10_Mid,MEDIUM_Midfield_Early,-4.0326,0.0,-5.1225,-2.9427,True
INTERMEDIATE_Top10_Mid,MEDIUM_Midfield_Mid,-1.8118,0.0001,-3.0894,-0.5342,True
INTERMEDIATE_Top10_Mid,MEDIUM_Top10_Early,-4.2187,0.0,-5.2826,-3.1547,True
INTERMEDIATE_Top10_Mid,MEDIUM_Top10_Late,-5.2193,0.0,-6.4302,-4.0085,True
INTERMEDIATE_Top10_Mid,MEDIUM_Top10_Mid,-2.3931,0.0,-3.5673,-1.219,True
INTERMEDIATE_Top10_Mid,MEDIUM_Top5_Early,-4.7238,0.0,-5.7878,-3.6599,True
INTERMEDIATE_Top10_Mid,MEDIUM_Top5_Late,-5.8408,0.0,-7.5105,-4.171,True
INTERMEDIATE_Top10_Mid,MEDIUM_Top5_Mid,-2.5919,0.0,-3.7506,-1.4331,True
INTERMEDIATE_Top10_Mid,SOFT_Backmarker_Early,-3.5357,0.0,-5.1285,-1.9429,True
INTERMEDIATE_Top10_Mid,SOFT_Backmarker_Late,-4.5575,0.0,-5.8681,-3.247,True
INTERMEDIATE_Top10_Mid,SOFT_Backmarker_Mid,-2.0217,0.9817,-5.873,1.8295,False
INTERMEDIATE_Top10_Mid,SOFT_Midfield_Early,-3.4333,0.0,-5.2596,-1.607,True
INTERMEDIATE_Top10_Mid,SOFT_Midfield_Late,-4.8575,0.0,-5.9502,-3.7649,True
INTERMEDIATE_Top10_Mid,SOFT_Top10_Late,-5.2967,0.0,-6.9259,-3.6675,True
INTERMEDIATE_Top10_Mid,SOFT_Top5_Late,-5.5045,0.0,-6.8541,-4.1549,True
INTERMEDIATE_Top5_Late,INTERMEDIATE_Top5_Mid,0.0076,1.0,-1.5671,1.5823,False
INTERMEDIATE_Top5_Late,MEDIUM_Backmarker_Early,-3.0104,0.0,-4.6014,-1.4194,True
INTERMEDIATE_Top5_Late,MEDIUM_Backmarker_Late,-3.9672,0.0,-5.6791,-2.2554,True
INTERMEDIATE_Top5_Late,MEDIUM_Backmarker_Mid,-0.2906,1.0,-1.9711,1.3899,False
INTERMEDIATE_Top5_Late,MEDIUM_Midfield_Early,-3.2277,0.0,-4.6631,-1.7923,True
INTERMEDIATE_Top5_Late,MEDIUM_Midfield_Mid,-1.007,0.8464,-2.5896,0.5757,False
INTERMEDIATE_Top5_Late,MEDIUM_Top10_Early,-3.4138,0.0,-4.8296,-1.998,True
INTERMEDIATE_Top5_Late,MEDIUM_Top10_Late,-4.4145,0.0,-5.9437,-2.8852,True
INTERMEDIATE_Top5_Late,MEDIUM_Top10_Mid,-1.5883,0.023,-3.0886,-0.0879,True
INTERMEDIATE_Top5_Late,MEDIUM_Top5_Early,-3.919,0.0,-5.3347,-2.5032,True
INTERMEDIATE_Top5_Late,MEDIUM_Top5_Late,-5.0359,0.0,-6.9491,-3.1226,True
INTERMEDIATE_Top5_Late,MEDIUM_Top5_Mid,-1.787,0.0027,-3.2754,-0.2986,True
INTERMEDIATE_Top5_Late,SOFT_Backmarker_Early,-2.7308,0.0,-4.5773,-0.8843,True
INTERMEDIATE_Top5_Late,SOFT_Backmarker_Late,-3.7527,0.0,-5.362,-2.1434,True
INTERMEDIATE_Top5_Late,SOFT_Backmarker_Mid,-1.2169,1.0,-5.1798,2.746,False
INTERMEDIATE_Top5_Late,SOFT_Midfield_Early,-2.6284,0.0007,-4.6798,-0.5771,True
INTERMEDIATE_Top5_Late,SOFT_Midfield_Late,-4.0527,0.0,-5.4902,-2.6152,True
INTERMEDIATE_Top5_Late,SOFT_Top10_Late,-4.4918,0.0,-6.3698,-2.6139,True
INTERMEDIATE_Top5_Late,SOFT_Top5_Late,-4.6996,0.0,-6.341,-3.0583,True
INTERMEDIATE_Top5_Mid,MEDIUM_Backmarker_Early,-3.018,0.0,-4.3237,-1.7124,True
INTERMEDIATE_Top5_Mid,MEDIUM_Backmarker_Late,-3.9749,0.0,-5.4254,-2.5243,True
INTERMEDIATE_Top5_Mid,MEDIUM_Backmarker_Mid,-0.2983,1.0,-1.7116,1.1151,False
INTERMEDIATE_Top5_Mid,MEDIUM_Midfield_Early,-3.2353,0.0,-4.3461,-2.1245,True
INTERMEDIATE_Top5_Mid,MEDIUM_Midfield_Mid,-1.0146,0.4283,-2.31,0.2809,False
INTERMEDIATE_Top5_Mid,MEDIUM_Top10_Early,-3.4214,0.0,-4.5067,-2.3361,True
INTERMEDIATE_Top5_Mid,MEDIUM_Top10_Late,-4.4221,0.0,-5.6517,-3.1924,True
INTERMEDIATE_Top5_Mid,MEDIUM_Top10_Mid,-1.5959,0.0002,-2.7894,-0.4024,True
INTERMEDIATE_Top5_Mid,MEDIUM_Top5_Early,-3.9266,0.0,-5.0119,-2.8413,True
INTERMEDIATE_Top5_Mid,MEDIUM_Top5_Late,-5.0435,0.0,-6.7269,-3.3601,True
INTERMEDIATE_Top5_Mid,MEDIUM_Top5_Mid,-1.7946,0.0,-2.973,-0.6162,True
INTERMEDIATE_Top5_Mid,SOFT_Backmarker_Early,-2.7384,0.0,-4.3456,-1.1313,True
INTERMEDIATE_Top5_Mid,SOFT_Backmarker_Late,-3.7603,0.0,-5.0882,-2.4324,True
INTERMEDIATE_Top5_Mid,SOFT_Backmarker_Mid,-1.2245,1.0,-5.0817,2.6327,False
INTERMEDIATE_Top5_Mid,SOFT_Midfield_Early,-2.636,0.0,-4.4749,-0.7972,True
INTERMEDIATE_Top5_Mid,SOFT_Midfield_Late,-4.0603,0.0,-5.1738,-2.9468,True
INTERMEDIATE_Top5_Mid,SOFT_Top10_Late,-4.4994,0.0,-6.1426,-2.8562,True
INTERMEDIATE_Top5_Mid,SOFT_Top5_Late,-4.7072,0.0,-6.0738,-3.3407,True
MEDIUM_Backmarker_Early,MEDIUM_Backmarker_Late,-0.9568,0.8118,-2.425,0.5114,False
MEDIUM_Backmarker_Early,MEDIUM_Backmarker_Mid,2.7198,0.0,1.2883,4.1513,True
MEDIUM_Backmarker_Early,MEDIUM_Midfield_Early,-0.2173,1.0,-1.3511,0.9165,False
MEDIUM_Backmarker_Early,MEDIUM_Midfield_Mid,2.0034,0.0,0.6882,3.3187,True
MEDIUM_Backmarker_Early,MEDIUM_Top10_Early,-0.4034,1.0,-1.5122,0.7054,False
MEDIUM_Backmarker_Early,MEDIUM_Top10_Late,-1.4041,0.0091,-2.6545,-0.1536,True
MEDIUM_Backmarker_Early,MEDIUM_Top10_Mid,1.4221,0.0043,0.2072,2.6371,True
MEDIUM_Backmarker_Early,MEDIUM_Top5_Early,-0.9085,0.3274,-2.0174,0.2003,False
MEDIUM_Backmarker_Early,MEDIUM_Top5_Late,-2.0255,0.003,-3.7242,-0.3268,True
MEDIUM_Backmarker_Early,MEDIUM_Top5_Mid,1.2234,0.039,0.0233,2.4235,True
MEDIUM_Backmarker_Early,SOFT_Backmarker_Early,0.2796,1.0,-1.3436,1.9028,False
MEDIUM_Backmarker_Early,SOFT_Backmarker_Late,-0.7423,0.9661,-2.0895,0.605,False
MEDIUM_Backmarker_Early,SOFT_Backmarker_Mid,1.7935,0.997,-2.0704,5.6575,False
MEDIUM_Backmarker_Early,SOFT_Midfield_Early,0.382,1.0,-1.4709,2.2348,False
MEDIUM_Backmarker_Early,SOFT_Midfield_Late,-1.0422,0.1314,-2.1787,0.0942,False
MEDIUM_Backmarker_Early,SOFT_Top10_Late,-1.4814,0.1685,-3.1403,0.1774,False
MEDIUM_Backmarker_Early,SOFT_Top5_Late,-1.6892,0.0019,-3.0745,-0.3039,True
MEDIUM_Backmarker_Late,MEDIUM_Backmarker_Mid,3.6766,0.0,2.1119,5.2413,True
MEDIUM_Backmarker_Late,MEDIUM_Midfield_Early,0.7395,0.9496,-0.5584,2.0375,False
MEDIUM_Backmarker_Late,MEDIUM_Midfield_Mid,2.9603,0.0,1.5011,4.4194,True
MEDIUM_Backmarker_Late,MEDIUM_Top10_Early,0.5534,0.999,-0.7228,1.8297,False
MEDIUM_Backmarker_Late,MEDIUM_Top10_Late,-0.4472,1.0,-1.8482,0.9538,False
MEDIUM_Backmarker_Late,MEDIUM_Top10_Mid,2.379,0.0,1.0095,3.7484,True
MEDIUM_Backmarker_Late,MEDIUM_Top5_Early,0.0483,1.0,-1.2279,1.3245,False
MEDIUM_Backmarker_Late,MEDIUM_Top5_Late,-1.0686,0.9265,-2.881,0.7438,False
MEDIUM_Backmarker_Late,MEDIUM_Top5_Mid,2.1802,0.0,0.824,3.5365,True
MEDIUM_Backmarker_Late,SOFT_Backmarker_Early,1.2364,0.6529,-0.5054,2.9782,False
MEDIUM_Backmarker_Late,SOFT_Backmarker_Late,0.2146,1.0,-1.2735,1.7026,False
MEDIUM_Backmarker_Late,SOFT_Backmarker_Mid,2.7504,0.675,-1.1649,6.6656,False
MEDIUM_Backmarker_Late,SOFT_Midfield_Early,1.3388,0.7285,-0.6188,3.2964,False
MEDIUM_Backmarker_Late,SOFT_Midfield_Late,-0.0854,1.0,-1.3857,1.2149,False
MEDIUM_Backmarker_Late,SOFT_Top10_Late,-0.5246,1.0,-2.2997,1.2505,False
MEDIUM_Backmarker_Late,SOFT_Top5_Late,-0.7324,0.9947,-2.255,0.7902,False
MEDIUM_Backmarker_Mid,MEDIUM_Midfield_Early,-2.9371,0.0,-4.1934,-1.6808,True
MEDIUM_Backmarker_Mid,MEDIUM_Midfield_Mid,-0.7163,0.9896,-2.1385,0.7058,False
MEDIUM_Backmarker_Mid,MEDIUM_Top10_Early,-3.1232,0.0,-4.357,-1.8894,True
MEDIUM_Backmarker_Mid,MEDIUM_Top10_Late,-4.1238,0.0,-5.4863,-2.7613,True
MEDIUM_Backmarker_Mid,MEDIUM_Top10_Mid,-1.2976,0.0675,-2.6276,0.0324,False
MEDIUM_Backmarker_Mid,MEDIUM_Top5_Early,-3.6283,0.0,-4.8621,-2.3945,True
MEDIUM_Backmarker_Mid,MEDIUM_Top5_Late,-4.7452,0.0,-6.528,-2.9625,True
MEDIUM_Backmarker_Mid,MEDIUM_Top5_Mid,-1.4964,0.0073,-2.8128,-0.1799,True
MEDIUM_Backmarker_Mid,SOFT_Backmarker_Early,-2.4402,0.0,-4.1512,-0.7292,True
MEDIUM_Backmarker_Mid,SOFT_Backmarker_Late,-3.462,0.0,-4.9139,-2.0102,True
MEDIUM_Backmarker_Mid,SOFT_Backmarker_Mid,-0.9262,1.0,-4.8279,2.9754,False
MEDIUM_Backmarker_Mid,SOFT_Midfield_Early,-2.3378,0.0022,-4.268,-0.4076,True
MEDIUM_Backmarker_Mid,SOFT_Midfield_Late,-3.762,0.0,-5.0207,-2.5034,True
MEDIUM_Backmarker_Mid,SOFT_Top10_Late,-4.2012,0.0,-5.946,-2.4563,True
MEDIUM_Backmarker_Mid,SOFT_Top5_Late,-4.409,0.0,-5.8962,-2.9218,True
MEDIUM_Midfield_Early,MEDIUM_Midfield_Mid,2.2207,0.0,1.0987,3.3428,True
MEDIUM_Midfield_Early,MEDIUM_Top10_Early,-0.1861,1.0,-1.0571,0.6849,False
MEDIUM_Midfield_Early,MEDIUM_Top10_Late,-1.1867,0.0075,-2.2321,-0.1414,True
MEDIUM_Midfield_Early,MEDIUM_Top10_Mid,1.6395,0.0,0.6368,2.6421,True
MEDIUM_Midfield_Early,MEDIUM_Top5_Early,-0.6912,0.3979,-1.5622,0.1797,False
MEDIUM_Midfield_Early,MEDIUM_Top5_Late,-1.8082,0.0048,-3.3621,-0.2542,True
MEDIUM_Midfield_Early,MEDIUM_Top5_Mid,1.4407,0.0,0.4562,2.4253,True
MEDIUM_Midfield_Early,SOFT_Backmarker_Early,0.4969,1.0,-0.9741,1.9679,False
MEDIUM_Midfield_Early,SOFT_Backmarker_Late,-0.525,0.998,-1.6843,0.6344,False
MEDIUM_Midfield_Early,SOFT_Backmarker_Mid,2.0108,0.9798,-1.7917,5.8133,False
MEDIUM_Midfield_Early,SOFT_Midfield_Early,0.5993,1.0,-1.1218,2.3204,False
MEDIUM_Midfield_Early,SOFT_Midfield_Late,-0.8249,0.1406,-1.7308,0.0809,False
MEDIUM_Midfield_Early,SOFT_Top10_Late,-1.2641,0.2832,-2.7743,0.2462,False
MEDIUM_Midfield_Early,SOFT_Top5_Late,-1.4719,0.0018,-2.6753,-0.2685,True
MEDIUM_Midfield_Mid,MEDIUM_Top10_Early,-2.4068,0.0,-3.5036,-1.3101,True
MEDIUM_Midfield_Mid,MEDIUM_Top10_Late,-3.4075,0.0,-4.6473,-2.1677,True
MEDIUM_Midfield_Mid,MEDIUM_Top10_Mid,-0.5813,0.9944,-1.7853,0.6227,False
MEDIUM_Midfield_Mid,MEDIUM_Top5_Early,-2.912,0.0,-4.0088,-1.8152,True
MEDIUM_Midfield_Mid,MEDIUM_Top5_Late,-4.0289,0.0,-5.7198,-2.3381,True
MEDIUM_Midfield_Mid,MEDIUM_Top5_Mid,-0.78,0.8014,-1.969,0.409,False
MEDIUM_Midfield_Mid,SOFT_Backmarker_Early,-1.7238,0.0203,-3.3388,-0.1089,True
MEDIUM_Midfield_Mid,SOFT_Backmarker_Late,-2.7457,0.0,-4.083,-1.4084,True
MEDIUM_Midfield_Mid,SOFT_Backmarker_Mid,-0.2099,1.0,-4.0704,3.6506,False
MEDIUM_Midfield_Mid,SOFT_Midfield_Early,-1.6215,0.1944,-3.4671,0.2242,False
MEDIUM_Midfield_Mid,SOFT_Midfield_Late,-3.0457,0.0,-4.1704,-1.921,True
MEDIUM_Midfield_Mid,SOFT_Top10_Late,-3.4848,0.0,-5.1357,-1.834,True
MEDIUM_Midfield_Mid,SOFT_Top5_Late,-3.6926,0.0,-5.0683,-2.317,True
MEDIUM_Top10_Early,MEDIUM_Top10_Late,-1.0007,0.0619,-2.0189,0.0175,False
MEDIUM_Top10_Early,MEDIUM_Top10_Mid,1.8255,0.0,0.8513,2.7998,True
MEDIUM_Top10_Early,MEDIUM_Top5_Early,-0.5052,0.9078,-1.3434,0.3331,False
MEDIUM_Top10_Early,MEDIUM_Top5_Late,-1.6221,0.0238,-3.1579,-0.0863,True
MEDIUM_Top10_Early,MEDIUM_Top5_Mid,1.6268,0.0,0.6711,2.5825,True
MEDIUM_Top10_Early,SOFT_Backmarker_Early,0.683,0.9963,-0.7688,2.1348,False
MEDIUM_Top10_Early,SOFT_Backmarker_Late,-0.3389,1.0,-1.4738,0.7961,False
MEDIUM_Top10_Early,SOFT_Backmarker_Mid,2.1969,0.9397,-1.5982,5.992,False
MEDIUM_Top10_Early,SOFT_Midfield_Early,0.7854,0.9973,-0.9194,2.4901,False
MEDIUM_Top10_Early,SOFT_Midfield_Late,-0.6389,0.5893,-1.5133,0.2355,False
MEDIUM_Top10_Early,SOFT_Top10_Late,-1.078,0.6137,-2.5696,0.4136,False
MEDIUM_Top10_Early,SOFT_Top5_Late,-1.2858,0.0148,-2.4657,-0.1059,True
MEDIUM_Top10_Late,MEDIUM_Top10_Mid,2.8262,0.0,1.6933,3.9591,True
MEDIUM_Top10_Late,MEDIUM_Top5_Early,0.4955,0.9937,-0.5227,1.5137,False
MEDIUM_Top10_Late,MEDIUM_Top5_Late,-0.6214,0.9999,-2.2624,1.0196,False
MEDIUM_Top10_Late,MEDIUM_Top5_Mid,2.6275,0.0,1.5105,3.7444,True
MEDIUM_Top10_Late,SOFT_Backmarker_Early,1.6836,0.0177,0.121,3.2463,True
MEDIUM_Top10_Late,SOFT_Backmarker_Late,0.6618,0.9841,-0.6119,1.9355,False
MEDIUM_Top10_Late,SOFT_Backmarker_Mid,3.1976,0.2931,-0.6413,7.0365,False
MEDIUM_Top10_Late,SOFT_Midfield_Early,1.786,0.0551,-0.014,3.5861,False
MEDIUM_Top10_Late,SOFT_Midfield_Late,0.3618,1.0,-0.6864,1.41,False
MEDIUM_Top10_Late,SOFT_Top10_Late,-0.0773,1.0,-1.677,1.5223,False
MEDIUM_Top10_Late,SOFT_Top5_Late,-0.2852,1.0,-1.599,1.0287,False
MEDIUM_Top10_Mid,MEDIUM_Top5_Early,-2.3307,0.0,-3.305,-1.3564,True
MEDIUM_Top10_Mid,MEDIUM_Top5_Late,-3.4476,0.0,-5.0617,-1.8335,True
MEDIUM_Top10_Mid,MEDIUM_Top5_Mid,-0.1987,1.0,-1.2758,0.8783,False
MEDIUM_Top10_Mid,SOFT_Backmarker_Early,-1.1426,0.5459,-2.677,0.3919,False
MEDIUM_Top10_Mid,SOFT_Backmarker_Late,-2.1644,0.0,-3.4033,-0.9256,True
MEDIUM_Top10_Mid,SOFT_Backmarker_Mid,0.3714,1.0,-3.4561,4.1989,False
MEDIUM_Top10_Mid,SOFT_Midfield_Early,-1.0402,0.9314,-2.8158,0.7354,False
MEDIUM_Top10_Mid,SOFT_Midfield_Late,-2.4644,0.0,-3.47,-1.4588,True
MEDIUM_Top10_Mid,SOFT_Top10_Late,-2.9036,0.0,-4.4757,-1.3315,True
MEDIUM_Top10_Mid,SOFT_Top5_Late,-3.1114,0.0,-4.3915,-1.8312,True
MEDIUM_Top5_Early,MEDIUM_Top5_Late,-1.1169,0.5997,-2.6527,0.4189,False
MEDIUM_Top5_Early,MEDIUM_Top5_Mid,2.132,0.0,1.1763,3.0877,True
MEDIUM_Top5_Early,SOFT_Backmarker_Early,1.1881,0.33,-0.2637,2.6399,False
MEDIUM_Top5_Early,SOFT_Backmarker_Late,0.1663,1.0,-0.9687,1.3012,False
MEDIUM_Top5_Early,SOFT_Backmarker_Mid,2.7021,0.6465,-1.093,6.4972,False
MEDIUM_Top5_Early,SOFT_Midfield_Early,1.2905,0.5075,-0.4142,2.9953,False
MEDIUM_Top5_Early,SOFT_Midfield_Late,-0.1337,1.0,-1.0081,0.7407,False
MEDIUM_Top5_Early,SOFT_Top10_Late,-0.5729,0.9999,-2.0645,0.9187,False
MEDIUM_Top5_Early,SOFT_Top5_Late,-0.7807,0.7876,-1.9606,0.3992,False
MEDIUM_Top5_Late,MEDIUM_Top5_Mid,3.2489,0.0,1.6459,4.8518,True
MEDIUM_Top5_Late,SOFT_Backmarker_Early,2.3051,0.0033,0.365,4.2451,True
MEDIUM_Top5_Late,SOFT_Backmarker_Late,1.2832,0.5358,-0.4327,2.9991,False
MEDIUM_Top5_Late,SOFT_Backmarker_Mid,3.819,0.0882,-0.1884,7.8264,False
MEDIUM_Top5_Late,SOFT_Midfield_Early,2.4075,0.0085,0.2715,4.5434,True
MEDIUM_Top5_Late,SOFT_Midfield_Late,0.9832,0.8554,-0.5726,2.5391,False
MEDIUM_Top5_Late,SOFT_Top10_Late,0.5441,1.0,-1.4259,2.5141,False
MEDIUM_Top5_Late,SOFT_Top5_Late,0.3363,1.0,-1.4097,2.0822,False
MEDIUM_Top5_Mid,SOFT_Backmarker_Early,-0.9438,0.8788,-2.4665,0.5789,False
MEDIUM_Top5_Mid,SOFT_Backmarker_Late,-1.9657,0.0,-3.19,-0.7414,True
MEDIUM_Top5_Mid,SOFT_Backmarker_Mid,0.5701,1.0,-3.2527,4.3929,False
MEDIUM_Top5_Mid,SOFT_Midfield_Early,-0.8414,0.9954,-2.6069,0.9241,False
MEDIUM_Top5_Mid,SOFT_Midfield_Late,-2.2657,0.0,-3.2533,-1.2781,True
MEDIUM_Top5_Mid,SOFT_Top10_Late,-2.7048,0.0,-4.2655,-1.1442,True
MEDIUM_Top5_Mid,SOFT_Top5_Late,-2.9126,0.0,-4.1787,-1.6466,True
SOFT_Backmarker_Early,SOFT_Backmarker_Late,-1.0219,0.8736,-2.663,0.6192,False
SOFT_Backmarker_Early,SOFT_Backmarker_Mid,1.5139,0.9999,-2.462,5.4899,False
SOFT_Backmarker_Early,SOFT_Midfield_Early,0.1024,1.0,-1.974,2.1788,False
SOFT_Backmarker_Early,SOFT_Midfield_Late,-1.3218,0.1613,-2.7948,0.1512,False
SOFT_Backmarker_Early,SOFT_Top10_Late,-1.761,0.1217,-3.6663,0.1443,False
SOFT_Backmarker_Early,SOFT_Top5_Late,-1.9688,0.0039,-3.6413,-0.2963,True
SOFT_Backmarker_Late,SOFT_Backmarker_Mid,2.5358,0.804,-1.3357,6.4073,False
SOFT_Backmarker_Late,SOFT_Midfield_Early,1.1243,0.9094,-0.7443,2.9928,False
SOFT_Backmarker_Late,SOFT_Midfield_Late,-0.3,1.0,-1.4619,0.8619,False
SOFT_Backmarker_Late,SOFT_Top10_Late,-0.7391,0.9987,-2.4155,0.9373,False
SOFT_Backmarker_Late,SOFT_Top5_Late,-0.9469,0.7573,-2.3532,0.4593,False
SOFT_Backmarker_Mid,SOFT_Midfield_Early,-1.4115,1.0,-5.4867,2.6636,False
SOFT_Backmarker_Mid,SOFT_Midfield_Late,-2.8358,0.5428,-6.6391,0.9675,False
SOFT_Backmarker_Mid,SOFT_Top10_Late,-3.2749,0.3241,-7.2656,0.7157,False
SOFT_Backmarker_Mid,SOFT_Top5_Late,-3.4827,0.1628,-7.3677,0.4022,False
SOFT_Midfield_Early,SOFT_Midfield_Late,-1.4242,0.3086,-3.1471,0.2986,False
SOFT_Midfield_Early,SOFT_Top10_Late,-1.8634,0.1817,-3.9678,0.241,False
SOFT_Midfield_Early,SOFT_Top5_Late,-2.0712,0.0143,-3.9674,-0.175,True
SOFT_Midfield_Late,SOFT_Top10_Late,-0.4392,1.0,-1.9514,1.0731,False
SOFT_Midfield_Late,SOFT_Top5_Late,-0.647,0.9757,-1.8528,0.5589,False
SOFT_Top10_Late,SOFT_Top5_Late,-0.2078,1.0,-1.915,1.4994,False
